250927_224545    14.074 Rx WSPR   -15  0.9  751 IU8RFW KC1OXG RR73
250927_224800    14.096 Tx WSPR     0  0.0 1500 EA6AJT JM19 37
250927_224921    14.096 Tx WSPR     0  0.0 1500 EA6AJT JM19 37
250927_225400    14.096 Tx WSPR     0  0.0 1500 EA6AJT JM19 37
250927_225600    14.096 Tx WSPR     0  0.0 1500 EA6AJT JM19 37
250927 2258 -19  1.43  14.0970990  N8VIM FN42 37           0  0.27  1  1    0  0  32     5    67
250927 2258 -11  0.92  14.0971054  <...> KM56VO 37         0  0.61  1  1    0  0  49     1   533
250927 2300 -10  0.79  14.0971029  EA6FG JM19 23          -3  0.63  1  1    0  0   0     1   758
250927 2300 -19  1.09  14.0971803  RL3DF KO95 10           0  0.32  1  1    0  0  22     1   192
250927 2300 -21  0.96  14.0972004  R2APK KO85 33           0  0.36  1  1    0  0  22    16   131
250927 2302 -23  0.83  14.0970882  VE3LPB FN03 23          0  0.32  1  1    0  0  20     1   223
250927 2302 -26  1.05  14.0971311  <...> EN96OL 37         0  0.21  1  1    0  0  54    17    12
250927_230400    14.096 Tx WSPR     0  0.0 1500 EA6AJT JM19 37
250927_230420    14.096 Tx WSPR     0  0.0 1500 EA6AJT JM19 37
250927 2306 -25  0.92  14.0969948  <...> EM72GN 30        -1  0.20  1  1    0  0  59     5    35
250927 2306  -9  0.79  14.0971034  EA6FG JM19 23          -4  0.65  1  1    0  0   0     1   758
250927 2308 -18  1.22  14.0970373  N2GOP FN31 37           0  0.38  1  1    0  0   8     1   371
250927 2308 -26  0.66  14.0970419  W2ARP FM06 60           0  0.19  2  1    0  0  23    14    10
250927 2308  -8  0.79  14.0970995  OH5XO KP41 27          -3  0.60  1  1    0  0   1     1   660
250927 2308 -22  1.39  14.0971001  N8VIM FN42 37           0  0.31  2  1    0  0  16     1   236
250927 2308 -20  0.75  14.0971241  WA3ITR FN42 33          0  0.33  1  1    0  0  11     1   274
250927 2308 -23  0.32  14.0971806  RL3DF KO95 10           0  0.27  1  1    0  0  32   222   -74
250927 2310 -17  0.88  14.0970273  R2BIY KO85 37           0  0.53  1  1    0  0   4     1   499
250927 2310 -15  0.92  14.0970515  KZ4IK FM08 30           0  0.56  1  1    0  0   0     1   477
250927 2310 -16  0.83  14.0971064  <...> KM56VO 37         0  0.49  1  1    0  0  52     1   453
250927 2310 -24  0.96  14.0971151  N4SRN FN42 23           0  0.26  1  1    0  0  28    75   -39
250927 2312 -28  0.79  14.0970308  N9VP FM06 23            0  0.21  3  2   16  0  31   344  -122
250927 2312  -9  0.79  14.0971046  EA6FG JM19 23          -4  0.58  1  1    0  0   0     1   697
250927 2312 -18  0.92  14.0971063  TA4/G8SCU 37            0  0.40  2  1    0  0  16     1   309
250927 2312 -21  0.75  14.0971239  WA3ITR FN42 33          0  0.38  1  1    0  0  12     1   357
250927 2314 -20  0.07  14.0970385  KQ9RSS EM59 30          0  0.33  1  1    0  0  11     1   309
251021_211241    14.096 Tx WSPR     0  0.0 1500 EA6AJT JM19 37
251021_211400    14.096 Tx WSPR     0  0.0 1500 EA6AJT JM19 37
251021_211600    14.096 Tx WSPR     0  0.0 1500 EA6AJT JM19 37
251021 2118 -13 -2.49  14.0971024  EA6FG JM19 23          -3  0.39  1  1    0  0  30     3   -29
251021_212200    14.096 Tx WSPR     0  0.0 1500 EA6AJT JM19 37
251021_212400    14.096 Tx WSPR     0  0.0 1500 EA6AJT JM19 37
251021_212800    14.096 Tx WSPR     0  0.0 1500 EA6AJT JM19 37
251021 2130 -13 -0.10  14.0971024  EA6FG JM19 23          -3  0.63  1  1    0  0   0     1   785
251021 2130 -24 -0.02  14.0971814  VK3MO QF22 37           0  0.17  1  1    0  0  23     5   192
251021 2136 -13 -0.10  14.0971031  EA6FG JM19 23          -3  0.61  1  1    0  0   0     1   783
251021_213800    14.096 Tx WSPR     0  0.0 1500 EA6AJT JM19 37
251021_214000    14.096 Tx WSPR     0  0.0 1500 EA6AJT JM19 37
251021 2142 -13 -0.06  14.0971032  EA6FG JM19 23          -3  0.66  1  1    0  0   0     1   792
251021 2144 -25 -0.06  14.0971225  WA3ITR FN42 33          0  0.25  1  1    0  0  25     2   114
251021_214600    14.096 Tx WSPR     0  0.0 1500 EA6AJT JM19 37
251021 2148 -13 -0.10  14.0971023  EA6FG JM19 23          -3  0.64  1  1    0  0   0     1   783
251021_215000    14.096 Tx WSPR     0  0.0 1500 EA6AJT JM19 37
251021_215200    14.096 Tx WSPR     0  0.0 1500 EA6AJT JM19 37
251021 2154 -13 -0.10  14.0971031  EA6FG JM19 23          -3  0.63  1  1    0  0   0     1   792
251021_215800    14.096 Tx WSPR     0  0.0 1500 EA6AJT JM19 37
251021 2200 -13 -0.10  14.0971032  EA6FG JM19 23          -3  0.64  1  1    0  0   0     1   788
251021_220200    14.096 Tx WSPR     0  0.0 1500 EA6AJT JM19 37
251021_220400    14.096 Tx WSPR     0  0.0 1500 EA6AJT JM19 37
251022 2130 -28  0.15  14.0969932  K8CHY EM72 30           0  0.24  1  1    0  0  31     5    80
251022 2130 -20 -0.10  14.0970981  N8VIM FN42 37           0  0.13  3  1    0  1  37     1   810
251022 2130  -6  0.07  14.0971012  EA6FG JM19 23          -3  0.68  1  1    0  0   0     1   790
251022 2130 -22 -0.02  14.0971071  K2UFH FN21 27           1  0.22  2  1    0  0  26     1    97
251022 2130 -22  0.02  14.0971217  WA3ITR FN42 33          0  0.21  1  1    0  0  30     1    17
251022 2130 -17  0.28  14.0971592  K4COD EM73 33           0  0.40  1  1    0  0   7     1   420
251022 2130 -16  0.11  14.0971807  VK3MO QF22 37           0  0.42  1  1    0  0   7     1   493
251022 2134 -23  0.15  14.0970255  R2BIY KO85 37           0  0.36  1  1    0  0   8     1   520
251022 2134 -23 -0.53  14.0970353  KQ9RSS EM59 30          1  0.15  1  1    0  1  32     1   810
251022 2134 -26  0.02  14.0971219  WA3ITR FN42 33          0  0.18  1  1    0  0  26   202    12
251022_213600    14.096 Tx WSPR     0  0.0 1500 EA6AJT JM19 30
251022 2138 -26 -0.02  14.0971222  WA3ITR FN42 33          0  0.23  1  1    0  1  31     1   810
251022_214000    14.096 Tx WSPR     0  0.0 1500 EA6AJT JM19 30
251022 2142  -6  0.02  14.0971028  EA6FG JM19 23          -3  0.71  1  1    0  0   0     1   810
251022_214400    14.096 Tx WSPR     0  0.0 1500 EA6AJT JM19 30
251022 2146 -26 -0.19  14.0971654  K2UFH FN21 27           0  0.19  1  1    0  1  38     1   810
251022_214800    14.096 Tx WSPR     0  0.0 1500 EA6AJT JM19 30
251022_215000    14.096 Tx WSPR     0  0.0 1500 EA6AJT JM19 30
251022 2152 -31  0.11  14.0970257  R2BIY KO85 37           0  0.14  3  2    0  0  25   128   -54
251022_215400    14.096 Tx WSPR     0  0.0 1500 EA6AJT JM19 30
251022_215600    14.096 Tx WSPR     0  0.0 1500 EA6AJT JM19 30
251022 2200  -6  0.11  14.0971031  EA6FG JM19 23          -3  0.61  1  1    0  0   0     1   791
251022 2200 -11  0.11  14.0971798  VK3MO QF22 37           0  0.55  1  1    0  0   1     1   556
251022_220400    14.096 Tx WSPR     0  0.0 1500 EA6AJT JM19 30
251022_220600    14.096 Tx WSPR     0  0.0 1500 EA6AJT JM19 30
251022_221000    14.096 Tx WSPR     0  0.0 1500 EA6AJT JM19 30
251022 2212  -6 -0.02  14.0971032  EA6FG JM19 23          -3  0.70  1  1    0  0   0     1   806
251022_221400    14.096 Tx WSPR     0  0.0 1500 EA6AJT JM19 30
251022_221800    14.096 Tx WSPR     0  0.0 1500 EA6AJT JM19 30
251022 2220 -16  0.11  14.0971806  VK3MO QF22 37           0  0.42  1  1    0  0  11     1   323
251022 2224  -6  0.07  14.0971035  EA6FG JM19 23          -3  0.68  1  1    0  0   0     1   795
251022_222600    14.096 Tx WSPR     0  0.0 1500 EA6AJT JM19 30
251022_222800    14.096 Tx WSPR     0  0.0 1500 EA6AJT JM19 30
251022 2230 -18  0.07  14.0970879  AJ4FJ EM74 20           0  0.36  1  1    0  0  15     3   335
251022 2230  -6 -0.02  14.0971020  EA6FG JM19 23          -3  0.68  1  1    0  0   0     1   803
251022 2230 -22  0.15  14.0971803  VK3MO QF22 37           0  0.26  1  1    0  0  22     4   161
251022_223200    14.096 Tx WSPR     0  0.0 1500 EA6AJT JM19 30
251022_223600    14.096 Tx WSPR     0  0.0 1500 EA6AJT JM19 30
251022_223800    14.096 Tx WSPR     0  0.0 1500 EA6AJT JM19 30
251022 2240 -22  0.07  14.0971799  VK3MO QF22 37           0  0.28  1  1    0  0  17     1   214
251022_224200    14.096 Tx WSPR     0  0.0 1500 EA6AJT JM19 30
251022_224400    14.096 Tx WSPR     0  0.0 1500 EA6AJT JM19 30
251022_224800    14.096 Tx WSPR     0  0.0 1500 EA6AJT JM19 30
251022_225200    14.096 Tx WSPR     0  0.0 1500 EA6AJT JM19 30
251022_225400    14.096 Tx WSPR     0  0.0 1500 EA6AJT JM19 30
251022_225800    14.096 Tx WSPR     0  0.0 1500 EA6AJT JM19 30
251022_230000    14.096 Tx WSPR     0  0.0 1500 EA6AJT JM19 30
251022_230400    14.096 Tx WSPR     0  0.0 1500 EA6AJT JM19 30
251023 2042 -17  0.11  14.0970748  KF2I FN32 37            0  0.52  1  1    0  0   3     1   551
251023 2042 -24  0.02  14.0970878  SM5CJW JO89 23          0  0.15  1  1   16  0  31   370   -29
251023 2042 -27  0.19  14.0970888  SM6YPE JO67 23          0  0.16  2  1   24  0  31   265  -208
251023 2042 -10  0.02  14.0971028  EA6FG JM19 23          -4  0.66  1  1    0  0   0     1   785
251023 2042 -24 -0.02  14.0971301  OH6CR KP12 23           0  0.24  1  1    0  0  25     3    -6
251023 2044 -26 -0.66  14.0970361  KQ9RSS EM59 30          1  0.15  1  1    0  1  38     1   810
251023 2044 -15  0.28  14.0971017  YL3ND KO17 40           0  0.62  1  1    0  0   1     1   687
251023 2044 -20 -0.53  14.0971687  RL3DF KO95 10           0  0.27  1  1    0  0  15     1   218
251023_204800    14.096 Tx WSPR     0  0.0 1444 EA6AJT JM19 30
251030_205600    28.125 Tx WSPR     0  0.0 1444 EA6AJT JM19 37
251030_205800    28.125 Tx WSPR     0  0.0 1444 EA6AJT JM19 37
251030_210200    28.125 Tx WSPR     0  0.0 1444 EA6AJT JM19 37
251030_210400    28.125 Tx WSPR     0  0.0 1444 EA6AJT JM19 37
251030_210800    28.125 Tx WSPR     0  0.0 1444 EA6AJT JM19 37
251030_211000    28.125 Tx WSPR     0  0.0 1444 EA6AJT JM19 37
251030_211400    21.095 Tx WSPR     0  0.0 1444 EA6AJT JM19 37
251030 2116 -20  1.18  14.0971278  DL6NL JO50 33           0  0.36  1  1    0  0  14     1   350
251030 2116 -19  0.15  14.0971636  DB2OM JO52 37           0  0.42  1  1    0  0   8     1   417
251030 2116 -24 -0.02  14.0971831  DK8JP JO31 30           0  0.28  1  1    0  0  25     1   151
251030_211800    14.096 Tx WSPR     0  0.0 1444 EA6AJT JM19 37
251030_212000    14.096 Tx WSPR     0  0.0 1444 EA6AJT JM19 37
251030_212200    14.096 Tx WSPR     0  0.0 1444 EA6AJT JM19 37
251030 2124 -15  0.15  14.0969987  2E0CIT JO01 37          0  0.57  1  1    0  0   9     1   320
251030 2124 -13  0.79  14.0970582  F6IDT JN33 37          -3  0.16  1  1    0  0  20     9    31
251030 2124 -24  0.07  14.0971024  DK9WT JO30 23           0  0.24  1  1    0  0  17     2   116
251030 2124 -28  0.02  14.0971829  DK8JP JO31 30           0  0.21  1  1   -8  1  34     1   810
251030 2126 -22  1.22  14.0970144  G4GCI IO90 37           0  0.19  1  1    0  0  22     2    82
251030 2126 -21  0.11  14.0970180  G8MCD IO91 23           0  0.37  1  1    0  0  15     1   272
251030 2126 -16  0.24  14.0971014  HB9LAG JN47 23          0  0.52  1  1    0  0   8     1   361
251030 2126 -16  1.13  14.0971278  DL6NL JO50 33           0  0.43  1  1    0  0  15     1   194
251030_212800    14.096 Tx WSPR     0  0.0 1444 EA6AJT JM19 37
251030 2130 -22  0.02  14.0970180  G8MCD IO91 23           0  0.31  1  1    0  0  25     2    83
251030 2130 -23  0.45  14.0970290  HB9T JN36 23            0  0.32  1  1    0  0  29   332  -115
251030 2130 -26  1.69  14.0970642  G4LRP IO91 33           0  0.27  1  1    0  0  12     5   191
251030 2130 -14  1.09  14.0971277  DL6NL JO50 33           0  0.58  1  1    0  0   7     1   139
251030 2130 -25  0.02  14.0971833  DK8JP JO31 30           0  0.25  1  1    0  1  27     1   810
251030_213200    14.096 Tx WSPR     0  0.0 1444 EA6AJT JM19 37
251030_213400    14.096 Tx WSPR     0  0.0 1444 EA6AJT JM19 37
251030 2136 -22  2.80  14.0970813  PB2GT JO22 33           0  0.36  1  1    0  0  12     3   108
251030 2136 -14  1.13  14.0971276  DL6NL JO50 33           0  0.58  1  1    0  0   2     1   271
251030 2138 -23  0.11  14.0970183  G8MCD IO91 23           0  0.33  1  1    0  0  17    13   115
251030 2138 -28  0.11  14.0970271  YT2AAA KN04 30          0  0.28  3  2    0  0  19    13   -17
251030 2138 -22  0.19  14.0970516  HB9LAG JN47 23          0  0.40  1  1    0  0  15     4   112
251030 2138 -13 -1.73  14.0971057  HB9BAX JN36 30         -4  0.33  1  1   24  0  26    61   -75
251030_214000    14.096 Tx WSPR     0  0.0 1444 EA6AJT JM19 37
251031_193600    28.125 Tx WSPR     0  0.0 1444 EA6AJT JM19 37
251031_193800    14.096 Tx WSPR     0  0.0 1444 EA6AJT JM19 37
251031_194000    14.096 Tx WSPR     0  0.0 1444 EA6AJT JM19 37
251031 1942 -21  0.15  14.0970181  G8MCD IO91 23           0  0.34  1  1    0  0  11     1   390
251031 1942 -23  0.07  14.0970917  WA3DNM FM29 37          0  0.28  1  1    0  0  21     5   208
251031 1942 -24  0.41  14.0971518  M0HZE IO81 33           0  0.25  1  1    0  0  20     3   154
251031_194400    14.096 Tx WSPR     0  0.0 1444 EA6AJT JM19 37
251031 1946 -24  0.15  14.0970182  G8MCD IO91 23           0  0.25  1  1    0  0  24     1   229
251031 1946   1 -0.15  14.0970484  <...> JN61TP 23         0  0.46  1  1    0  0  42     1   627
251031 1948 -23  0.37  14.0971565  F4WCW IN95 30           0  0.24  1  1    0  0  22    22   227
251031 1948 -28 -0.15  14.0971805  GD5MUP IO74 23          0  0.19  3  2    0  0  25    32    33
251031_195000    14.096 Tx WSPR     0  0.0 1444 EA6AJT JM19 37
251031_195200    14.096 Tx WSPR     0  0.0 1444 EA6AJT JM19 37
251031 1954 -22  0.11  14.0970180  G8MCD IO91 23           0  0.27  1  1    0  0  21    16    15
251031 1954 -27  0.24  14.0971231  WA3ITR FN42 33          0  0.21  1  1    0  1  33     1   810
251031_195600    14.096 Tx WSPR     0  0.0 1444 EA6AJT JM19 37
251031_195800    14.096 Tx WSPR     0  0.0 1444 EA6AJT JM19 37
251031 2000 -20 -0.45  14.0970139  G4GCI IO90 37           0  0.37  1  1    0  0  11     1   387
251031_200200    14.096 Tx WSPR     0  0.0 1444 EA6AJT JM19 37
251103_230600    14.096 Tx WSPR     0  0.0 1444 EA6AJT JM19 37
251112_221200    28.125 Tx WSPR     0  0.0 1444 EA6AJT JM19 37
251115_123200    28.125 Tx WSPR     0  0.0 1444 EA6AJT JM19 37
251115_123400    28.125 Tx WSPR     0  0.0 1444 EA6AJT JM19 37
251115_123800    28.125 Tx WSPR     0  0.0 1444 EA6AJT JM19 37
251115 1236  25  0.19  28.1261180  EA6EE JM19 23           0  0.55  1  1    0  0   0     1   805
251115 1240 -26 -0.45  28.1260879  SM3ESX JP82 17         -1  0.15  1  1   24  0  36     8   -78
251115 1240 -15  0.32  28.1261070  YM2XBL KN41 23         -1  0.18  1  1    0  0  20     1   208
251115_124200    28.125 Tx WSPR     0  0.0 1444 EA6AJT JM19 37
251115_124400    28.125 Tx WSPR     0  0.0 1444 EA6AJT JM19 37
251115 1246 -32  0.02  28.1260616  <EA6EE> JM19HN 23       0  0.14  2  1    0  0  12     1   397
251115 1246 -33  0.02  28.1260679  SM7URN JO76 23          0  0.19  3  1    0  0  19     3   168
251115 1246 -20  0.37  28.1260773  <TA4/G8SCU> KM56VO 37   0  0.22  1  1    0  0  14     1   303
251115 1246  26  0.11  28.1261614  <EA6EE> JM19HN 23       0  0.59  1  1    0  0   0     1   783
251115 1248  -6  0.32  28.1260774  TA4/G8SCU 37            0  0.20  1  1    0  0   5     1   515
251115 1248 -12 -0.15  28.1260835  1I6VGY HP54 17          0  0.23  1  1    0  0  18     3   191
251115 1248  -9  0.15  28.1260925  YO6QCD KN25 20         -3  0.18  1  1    0  0  21     5   156
251115 1248   9  0.54  28.1261098  VK2EFM QF56 40          0  0.50  1  1    0  0   6     1   586
251115 1248 -14  0.45  28.1261508  SG7SUN/B 27             0  0.38  1  1    0  0   3     1   580
251115_125000    28.125 Tx WSPR     0  0.0 1444 EA6AJT JM19 37
251115_125200    28.125 Tx WSPR     0  0.0 1444 EA6AJT JM19 37
251115 1254 -26  0.37  28.1260773  <TA4/G8SCU> KM56VO 37   1  0.23  1  1    0  0  23     1   127
251115 1254  24  0.15  28.1261640  <EA6EE> JM19HN 23       0  0.75  1  1    0  0   0     1   804
251115 1256 -21  0.92  28.1260844  AF6IM HM78 13           1  0.33  1  1    0  0  21     1   331
251115 1256  -9  0.19  28.1261077  YM2XBL KN41 23          1  0.37  1  1    0  0   0     1   641
251115 1256 -27  0.62  28.1261499  EA6ACW JM19 23         -2  0.21  1  1    8  0  28   337  -121
251115_130000    28.125 Tx WSPR     0  0.0 1444 EA6AJT JM19 37
251115 1258 -25  0.54  28.1260170  SM6YPE JO67 23          0  0.26  1  1    0  0  28    32   167
251115 1258  -2  0.28  28.1260778  <TA4/G8SCU> KM56VO 37   0  0.33  1  1    0  0   6     1   443
251115 1258 -20  0.92  28.1260851  1L6RNP GJ05  0          0  0.17  2  1    0  0  27    56   -19
251115 1258  -4  0.11  28.1260944  SM7PNS JO66 23          0  0.59  1  1    0  0   0     1   658
251115 1258   7  0.54  28.1261105  VK2EFM QF56 40          0  0.32  1  1    0  0   8     1   522
251115 1258 -21  0.02  28.1261457  <...> EM95WC 23         1  0.25  1  1    0  0  43     1   212
251115 1258 -21  0.37  28.1261792  LA3JJ JO59 33           0  0.26  1  1    0  0  10     1   441
251115_130400    28.125 Tx WSPR     0  0.0 1444 EA6AJT JM19 37
251115 1302 -34  0.02  28.1260011  <EA6EE> JM19HN 23       0  0.40  1  1   16  0  28    57  -139
251115 1302  24  0.11  28.1261013  <EA6EE> JM19HN 23       0  0.77  1  1    0  0   0     1   808
251115 1302 -29  0.37  28.1261776  LA3JJ JO59 33           1  0.20  2  1    0  1  37     1   810
251115_130600    28.125 Tx WSPR     0  0.0 1444 EA6AJT JM19 37
251115 1308  24  0.24  28.1260850  EA6EE JM19 23           0  0.78  1  1    0  0   0     1   810
251115 1308 -31  0.37  28.1261850  EA6EE JM19 23           0  0.44  1  1    0  0  27    97   -49
251115_131000    28.125 Tx WSPR     0  0.0 1444 EA6AJT JM19 37
251115_131200    28.125 Tx WSPR     0  0.0 1444 EA6AJT JM19 37
251115 1314 -23  0.62  28.1261496  SM6YPE JO67 23          0  0.25  1  1    0  0  15     1   346
251115_131800    28.125 Tx WSPR     0  0.0 1444 EA6AJT JM19 37
251115 1316 -33  0.02  28.1259909  EA6EE JM19 23           1  0.36  2  1   -8  1  41     1   810
251115 1316  23  0.19  28.1260904  EA6EE JM19 23           0  0.59  1  1    0  0   0     1   798
251115_132000    28.125 Tx WSPR     0  0.0 1444 EA6AJT JM19 37
251115 1322 -14  0.62  28.1260663  <SG7SUN/B> JO76OU 27    0  0.28  1  1    0  0   1     1   701
251115 1322   4  0.11  28.1260773  <TA4/G8SCU> KM56VO 37   0  0.48  1  1    0  0   0     1   700
251115 1324  24  0.19  28.1260435  EA6EE JM19 23           0  0.53  1  1    0  0   0     1   802
251115 1324 -20  0.37  28.1260788  TA4/G8SCU 37            1  0.15  1  1    0  1  31     1   810
251115_132600    28.125 Tx WSPR     0  0.0 1444 EA6AJT JM19 37
251115_132800    28.125 Tx WSPR     0  0.0 1444 EA6AJT JM19 37
251115 1330 -18  0.62  28.1260814  SM6YPE JO67 23          0  0.31  1  1    0  0  10     1   418
251115 1330 -17  0.19  28.1261361  GM8HHC IO85 23          0  0.37  1  1    0  0   7     1   354
251115 1332 -25  0.19  28.1260779  TA4/G8SCU 37            0  0.16  1  1    0  0  38   262  -126
251115 1332 -26 -0.32  28.1261088  YM2XBL KN41 23          1  0.25  1  1    0  1  28     1   810
251115 1332  23  0.15  28.1261497  EA6EE JM19 23           0  0.76  1  1    0  0   0     1   803
251115_133400    28.125 Tx WSPR     0  0.0 1444 EA6AJT JM19 37
251115_133600    28.125 Tx WSPR     0  0.0 1444 EA6AJT JM19 37
251115 1338 -25  0.07  28.1260048  KW4DE EM95 23           0  0.27  1  1    0  0  26     1    71
251115 1338  -9  0.62  28.1260450  <SG7SUN/B> JO76OU 27    1  0.36  1  1    0  0   7     1   562
251115 1338 -14 -0.27  28.1260468  LA1ITS JO59 37          0  0.36  2  1    0  0  16     1   343
251115 1338  -1  0.28  28.1260778  <TA4/G8SCU> KM56VO 37   0  0.41  1  1    0  0   0     1   653
251115 1338 -24  0.11  28.1261043  GM4JRT IO85 23          0  0.24  2  1    0  0  26    72    35
251115 1338 -23  0.15  28.1261076  SM0OHX JO99 23          2  0.32  1  1    0  0  17     2   131
251115 1338 -27  0.24  28.1261214  LA3ZA JO49 20           0  0.20  1  1    0  0  33   104  -113
251115 1338 -10  0.19  28.1261502  SM7PNS JO66 23          0  0.64  1  1    0  0   0     1   675
251115_134200    28.125 Tx WSPR     0  0.0 1444 EA6AJT JM19 37
251115 1340  24  0.19  28.1260357  EA6EE JM19 23           1  0.55  1  1    0  0   0     1   795
251115 1342  24 -0.83  28.1260364  <EA6EE> JM19HN 23       0  0.52  1  1    0  0   0     1   804
251115 1342 -27 -0.57  28.1260786  <TA4/G8SCU> KM56VO 37   0  0.13  2  1  -16  0  32   211   -68
251115 1342 -34 -1.00  28.1261366  <EA6EE> JM19HN 23       1  0.36  1  1  -24  0  31    34  -142
251115 1344 -26  0.37  28.1260585  <...> EN91FL 30         0  0.22  1  1    0  0  57   436    -4
251115 1344 -16 -0.49  28.1261095  YM2XBL KN41 23          0  0.34  1  1    0  0   3     1   578
251115 1346 -17  0.66  28.1260372  SM6YPE JO67 23          0  0.50  1  1    0  0   2     1   629
251115 1346   4  0.32  28.1260796  <TA4/G8SCU> KM56VO 37   0  0.55  1  1    0  0   0     1   670
251115 1346 -19  0.54  28.1260861  AF6IM HM88 13           0  0.19  2  1   32  0  32    40   -99
251115 1348 -25 -0.70  28.1261097  YM2XBL KN41 23          0  0.11  3  4    0  1  31     1   810
251115 1348  24  0.19  28.1261559  EA6EE JM19 23           0  0.64  1  1    0  0   0     1   795
251115 1350 -28  0.37  28.1260802  <TA4/G8SCU> KM56VO 37   0  0.30  1  1    8  0  30    21   -56
251115 1350  24  0.15  28.1261561  <EA6EE> JM19HN 23       0  0.60  1  1    0  0   0     1   778
251115 1352 -22  0.32  28.1261015  OH5XO KP41 23           0  0.30  1  1    0  0  33    26   -79
251115 1352 -16  0.71  28.1261097  YM2XBL KN41 23          0  0.32  1  1    0  0   5     1   491
251115 1352 -22  0.41  28.1261341  W3HH EL89 37           -2  0.32  1  1    0  0  13     1   336
251115 1352 -11  0.79  28.1261701  SG7SUN/B 27             0  0.40  1  1    0  0  15     2   246
251115 1352 -17  0.54  28.1261728  EU7FBB KO43 17         -4  0.34  2  1    0  0  14     1   216
251115 1354  -8  0.28  28.1260469  OZ7IT JO65 37           0  0.70  1  1    0  0   0     1   696
251115 1354  -2  0.07  28.1260799  <TA4/G8SCU> KM56VO 37   0  0.50  1  1    0  0   0     1   681
251115 1354 -15  0.83  28.1261702  <SG7SUN/B> JO76OU 27    0  0.56  1  1    0  0   1     1   590
251115 1356 -19  0.66  28.1260860  AF6IM HM88 13           0  0.16  3  1  -48  1  42     1   810
251115 1356  24  0.28  28.1261522  EA6EE JM19 23           0  0.63  1  1    0  0   0     1   789
251115 1358 -21 -0.32  28.1260495  LA1ITS JO59 37          1  0.36  1  1    0  1  28     1   810
251115 1358 -25  0.37  28.1260523  <EA6EE> JM19HN 23       0  0.17  3  2  -32  0  33   145   -48
251115 1358 -25  0.37  28.1260802  <TA4/G8SCU> KM56VO 37   0  0.36  1  1    0  0  23     1   239
251115 1358  23  0.24  28.1261523  <EA6EE> JM19HN 23       0  0.61  1  1    0  0   0     1   760
251115 1358 -21  0.37  28.1261806  LA3JJ JO59 33           0  0.33  1  1    0  0  25   180  -105
251115 1400  -5  0.41  28.1260799  TA4/G8SCU 37            0  0.46  1  1    0  0   2     1   602
251115 1400  -7  0.41  28.1261063  UA3ARC KO85 30         -2  0.59  1  1    0  0   2     1   593
251115 1400 -18 -0.19  28.1261094  YM2XBL KN41 23          0  0.26  2  1    0  0  18     1   210
251128 2046 -24  1.18  14.0970176  G8MCD IO91 23           0  0.37  1  1    0  0  15     1   328
251128 2046 -20  0.11  14.0970974  KD4TS EM86 37           0  0.38  1  1    0  0  12     1   428
251128 2048 -28  0.07  14.0970859  K2UFH FN21 27           0  0.20  1  1    0  0  24     8    54
251128 2050 -25  0.28  14.0970003  KY4UI EM73 37           1  0.25  1  1    0  0  27    68    30
251128 2050 -23  1.22  14.0970177  G8MCD IO91 23           0  0.36  1  1    0  0  15     1   427
251128 2050 -24  0.45  14.0970884  DG2DBT JO31 37          0  0.33  1  1    0  0  13     1   381
251128 2050 -26  0.11  14.0971009  HA6QL JN97 33           0  0.21  3  1   32  0  31   119  -100
251128 2052 -22  0.37  14.0971003  <...> EM93AO 37         0  0.30  1  1    0  0  54     4   129
251128 2052 -25  0.41  14.0971113  K4COD EM73 33           0  0.22  1  1    0  0  24   369    27
251129_230120    14.096 Tx WSPR     0  0.0 1444 EA6AJT JM19 30
251129_230400    14.096 Tx WSPR     0  0.0 1444 EA6AJT JM19 30
251129_231200    14.096 Tx WSPR     0  0.0 1444 EA6AJT JM19 30
251129_231800    14.096 Tx WSPR     0  0.0 1444 EA6AJT JM19 30
251129_232600    14.096 Tx WSPR     0  0.0 1444 EA6AJT JM19 30
251129_233000    14.096 Tx WSPR     0  0.0 1444 EA6AJT JM19 30
251129_233400    14.096 Tx WSPR     0  0.0 1444 EA6AJT JM19 30
251129_234000    14.096 Tx WSPR     0  0.0 1444 EA6AJT JM19 40
251129_234600    14.096 Tx WSPR     0  0.0 1444 EA6AJT JM19 40
251129_235400    14.096 Tx WSPR     0  0.0 1444 EA6AJT JM19 40
251130_000400    14.096 Tx WSPR     0  0.0 1444 EA6AJT JM19 40
251130_000800    14.096 Tx WSPR     0  0.0 1444 EA6AJT JM19 40
251130_001400    14.096 Tx WSPR     0  0.0 1444 EA6AJT JM19 40
251130_002000    14.096 Tx WSPR     0  0.0 1444 EA6AJT JM19 40
251130_002600    14.096 Tx WSPR     0  0.0 1444 EA6AJT JM19 40
251130_003000    14.096 Tx WSPR     0  0.0 1444 EA6AJT JM19 40
251130_003400    14.096 Tx WSPR     0  0.0 1444 EA6AJT JM19 40
251130_004000    14.096 Tx WSPR     0  0.0 1444 EA6AJT JM19 40
251130_004400    14.096 Tx WSPR     0  0.0 1444 EA6AJT JM19 40
251130_004800    14.096 Tx WSPR     0  0.0 1444 EA6AJT JM19 40
251130_005200    14.096 Tx WSPR     0  0.0 1444 EA6AJT JM19 40
251130_005800    14.096 Tx WSPR     0  0.0 1444 EA6AJT JM19 40
251130_010200    14.096 Tx WSPR     0  0.0 1444 EA6AJT JM19 40
251130_011200    14.096 Tx WSPR     0  0.0 1444 EA6AJT JM19 40
251220_002200    14.096 Tx WSPR     0  0.0 1444 EA6AJT JM19 30
251220_002400    14.096 Tx WSPR     0  0.0 1444 EA6AJT JM19 30
251221_225200    14.096 Tx WSPR     0  0.0 1444 EA6AJT JM19 37
251221 2254  -7  0.32  14.0971025  EA6FG JM19 23          -4  0.73  1  1    0  0   0     1   807
251221_225800    14.096 Tx WSPR     0  0.0 1444 EA6AJT JM19 37
251221 2300  -6  0.28  14.0971028  EA6FG JM19 23          -4  0.73  1  1    0  0   0     1   804
251221 2306  -7  0.37  14.0971034  EA6FG JM19 23          -4  0.70  1  1    0  0   0     1   804
251221_230800    14.096 Tx WSPR     0  0.0 1444 EA6AJT JM19 37
251228_200000    28.125 Tx WSPR     0  0.0 1444 EA6AJT JM19 30
251228_200003    28.125 Tx WSPR     0  0.0 1444 EA6AJT JM19 30
251228 2004  27  0.11  28.1260540  EA6EE JM19 23           0  0.76  1  1    0  0   0     1   810
251228 2004 -33 -0.02  28.1261540  EA6EE JM19 23           0  0.41  3  1    0  0  11     1   189
251228 2006  27  0.11  28.1260537  <EA6EE> JM19HN 23       0  0.78  1  1    0  0   0     1   810
251228 2006 -28  0.02  28.1261535  <EA6EE> JM19HN 23       0  0.45  1  1  -16  0  31   440   -44
251228_200800    28.125 Tx WSPR     0  0.0 1444 EA6AJT JM19 30
251228_201200    28.125 Tx WSPR     0  0.0 1444 EA6AJT JM19 30
251228_201230    14.096 Tx WSPR     0  0.0 1444 EA6AJT JM19 30
251228_201600    14.096 Tx WSPR     0  0.0 1444 EA6AJT JM19 30
251228 2018  -6  0.07  14.0971024  EA6FG JM19 23          -4  0.71  1  1    0  0   0     1   787
251228_202000    14.096 Tx WSPR     0  0.0 1444 EA6AJT JM19 30
251228 2022   3 -0.06  14.0971272  IU0JJD JN61 23          0  0.73  1  1    0  0   0     1   611
251228_202400    14.096 Tx WSPR     0  0.0 1444 EA6AJT JM19 30
251228 2026 -29 -0.79  14.0970129  G4GCI IO90 37           0  0.15  1  1    0  0  29    11   -93
251228_202800    14.096 Tx WSPR     0  0.0 1444 EA6AJT JM19 30
251228 2030  -5  0.11  14.0971021  EA6FG JM19 23          -4  0.71  1  1    0  0   0     1   805
251228 2034   6 -0.06  14.0970174  IU0JJD JN61 23          0  0.79  1  1    0  0   1     1   682
251228_203600    14.096 Tx WSPR     0  0.0 1444 EA6AJT JM19 30
260117 1250 -14  0.32  14.0970022  GM0DHD IO85 33          0  0.53  1  1    0  0  14     1   423
260117 1250  -8  0.19  14.0970172  G8MCD IO91 23           0  0.16  2  1    0  1  38     1   810
260117 1250  -2 -0.19  14.0970180  EA1FLU IN72 23          0  0.36  1  1    0  0  24     5   173
260117 1250 -17  0.19  14.0970361  G3TGD IO82 20           0  0.37  1  1    0  0  13     1   358
260117 1250 -23  0.07  14.0970382  SP2SGQ JO83 23          0  0.23  2  1    0  0  24     6   171
260117 1250 -13  0.07  14.0970481  OE9PTI JN47 23          0  0.53  1  1    0  0   6     1   577
260117 1250 -20 -0.32  14.0970524  DL3AAV JO52 23          0  0.32  2  1    0  0  19     1   187
260117 1250 -13  0.02  14.0970610  CS5WB IM68 23           0  0.21  1  1    0  0  20     6   103
260117 1250 -19  0.07  14.0970641  EI3JQB IO51 23          0  0.21  3  2    0  0  32   201    -3
260117 1250 -10  0.32  14.0970655  OZ9ACF JO65 37          0  0.38  1  1    0  0  18     1   356
260117 1250 -12  0.19  14.0970736  G4UCU IO83 30           0  0.59  1  1    0  0   9     1   492
260117 1250  -8  0.11  14.0971090  M7KYK IO83 37           0  0.55  1  1    0  0   9     1   440
260117 1250 -17  0.11  14.0971177  DL1WAG JN58 23          0  0.32  1  1    0  0  25     3   166
260117 1250 -23  0.45  14.0971253  GM1BAN IO88 23          0  0.13  3  2   24  0  34    39  -116
260117 1250 -27  0.71  14.0971410  AC3AU IO58 13           0  0.21  1  1   -8  0  31   231   -88
260117 1250 -22  0.37  14.0971490  G3JKF JO00 33           0  0.39  1  1    0  0  17     2   147
260117 1250 -29  0.37  14.0971582  OZ1AAB JO65 20         -2  0.19  1  1    0  0  25   119  -121
260117 1250 -25  0.11  14.0971736  DD3MS JN59 23           0  0.36  1  1    0  0   7     1   406
260117 1250 -24 -0.02  14.0971877  SA7CND JO76 20          0  0.31  1  1    0  0  24     1    88
260117 1250 -30  0.62  14.0971948  G4PEY IO91 23           2  0.25  2  1    0  0  25    10    66
260117 1250 -27  0.15  14.0972015  ON4LUK JO11 23          0  0.29  1  1    0  0  20     1   310
260117 1252 -20 -0.02  14.0970047  <...> IO85IW 23         0  0.30  1  1    0  0  50     1   400
260117 1252   1  0.19  14.0970182  EA1FLU IN72 23          0  0.40  1  1    0  0  19     1   277
260117 1252 -15 -0.02  14.0970338  DG2MCM JN57 20          2  0.23  1  1    0  0  24     3   -21
260117 1252 -20 -0.02  14.0970351  OE5MMP JN68 23          0  0.31  2  1    0  0   9     1   342
260117 1252  -9 -0.02  14.0970483  <OE9PTI> JN47VL 23      0  0.67  1  1    0  0   0     1   726
260117 1252 -22 -0.23  14.0970529  G4HJE JO01 23           0  0.22  3  1    0  0  28   156   -92
260117 1252  -5  0.24  14.0970653  PA7D JO23 23            0  0.68  1  1    0  0   0     1   514
260117 1252 -17  0.41  14.0970773  PA0PPW JO21 23          0  0.27  1  1    0  0  18     1   286
260117 1252 -18 -0.06  14.0970827  DL5JA JO31 23           0  0.21  1  1    0  0  18     1   159
260117 1252 -14  0.19  14.0971024  G8LDJ JO01 33           0  0.21  3  2   48  0  27    86   -66
260117 1252  -7  0.15  14.0971051  <...> JO31WQ 20         0  0.21  1  1    0  0  66   191    18
260117 1252   4 -0.91  14.0971115  HB9BAX JN36 30         -1  0.32  1  1    0  0  18     2   194
260117 1252 -17 -0.62  14.0971265  PE0MVJ JO32 10          0  0.30  2  1    0  0  21     1   202
260117 1252  -3  0.24  14.0971317  IU0OQM JN62 37         -2  0.59  1  1    0  0   1     1   585
260117 1252 -14  0.32  14.0971486  ON2TSF JN29 20          0  0.38  1  1    0  0  19     1    86
260117 1252 -11  0.28  14.0971522  CT1BAT IN50  0          1  0.32  1  1    0  0  12     1   241
260117 1252  -9  0.37  14.0971558  G4HSB IO94 23           0  0.53  1  1    0  0   1     1   547
260117 1252  -5  4.25  14.0971658  ON7AN JO20 27           0  0.64  1  1    0  0   2     1   570
260117 1252 -12 -0.02  14.0971739  <DD3MS> JN59KV 23       0  0.57  1  1    0  0   0     1   655
260117 1252 -24 -0.06  14.0971946  PA2PGU JO32 23          0  0.36  2  1    0  0   5     1   615
260117 1252 -13  0.24  14.0971989  M0XDC JO01 37           0  0.50  1  1    0  0   0     1   605
260117 1254  -2 -0.57  14.0970102  <G4GCI> IO90GU 37       0  0.70  1  1    0  0   0     1   686
260117 1254  -3  0.28  14.0970175  G8MCD IO91 23           0  0.28  2  1    0  0  21     1   188
260117 1254   1 -0.40  14.0970185  EA1FLU IN72 23          0  0.28  1  1    0  0  32    25   -22
260117 1254 -17 -0.06  14.0970342  DG2MCM JN57 20          0  0.37  1  1    0  0  10     1   342
260117 1254 -19  0.45  14.0970452  DB1SN JN48 23           0  0.37  1  1    0  0   1     1   645
260117 1254 -19  0.19  14.0970510  PH9K JO33 27            0  0.37  1  1    0  0   4     1   482
260117 1254 -14  0.28  14.0970648  PE1RBF JO21 23          0  0.25  2  1    0  0  19     1   173
260117 1254  -2  0.24  14.0970653  <PA7D> JO23VF 23        0  0.56  1  1    0  0  15     1   314
260117 1254 -12  0.15  14.0970758  G1EEK IO91 23           0  0.33  1  1    0  0  14     1   288
260117 1254 -15  0.24  14.0970804  G0IDE IO83 37           0  0.28  1  1    0  0   8     5   465
260117 1254  -1  0.02  14.0970926  IK4MGG JN54 23          0  0.50  1  1    0  0   2     1   658
260117 1254  -1  0.19  14.0970979  G6AFG IO83 37           0  0.48  1  1    0  0   8     1   231
260117 1254 -14  0.24  14.0971037  M6VIO JO01 30           0  0.31  1  1    0  0  25     2    84
260117 1254 -13  0.41  14.0971177  ON2TSF JN29 20          0  0.53  1  1    0  0   3     1   534
260117 1254 -20 -0.79  14.0971232  PA3GHQ JO21 23          1  0.19  1  1    0  0  20     6   154
260117 1254 -25  1.26  14.0971649  M6WCL IO80 23           1  0.26  1  1    0  0  27     2    99
260117 1254 -19  1.13  14.0971804  OE1ELW JN88 37          0  0.35  1  1    0  0   7     1   455
260117 1256   1  0.32  14.0970188  EA1FLU IN72 23          0  0.37  1  1    0  0  16    22    99
260117 1256 -18  0.54  14.0970250  ON2TSF JN29 20          0  0.12  1  1    0  1  29     1   810
260117 1256 -11  0.41  14.0970387  DL7ACI JN48 37          0  0.43  1  1    0  0   1     1   614
260117 1256 -13  0.11  14.0970431  IZ5MMH JN53 10          1  0.17  1  1    0  0  18     6   231
260117 1256 -19  2.07  14.0970503  G8PCB IO91 23           0  0.43  1  1    0  0   2     1   652
260117 1256 -17  0.07  14.0970675  DG1GHR JN48 37          0  0.17  2  1    0  0  25    13    25
260117 1256 -11 -0.06  14.0970689  G1EEK IO91 23           0  0.29  1  1    0  0  12     1   343
260117 1256 -12  6.25  14.0970818  PB2GT JO22 33           0  0.55  1  1    0  0   1     1   583
260117 1256  -8  6.59  14.0970894  GI3VAF IO74 37          0  0.28  1  1    0  0  22    11   175
260117 1256  -3  0.41  14.0970950  IU1PPC JN44 30         -3  0.30  1  1    0  0  16     1   244
260117 1256  -3  1.01  14.0970990  OE3KFB JN78 37          0  0.16  1  1    0  0  22     6   -81
260117 1256  -9  0.32  14.0971015  M0WMG IO95 37           0  0.30  2  1    0  0  27    14    39
260117 1256  -5  0.32  14.0971035  DC1SAF JN48 33          0  0.29  1  1    0  0  11     1   397
260117 1256 -21  0.02  14.0971126  SM7URN JO76 23          0  0.17  1  1    0  1  41     1   810
260117 1256 -13  0.62  14.0971272  G4RVH IO84 17          -4  0.28  1  1    0  0  13     2   233
260117 1256 -18  0.54  14.0971287  PA3AQR JO20 20          0  0.22  3  4   -8  0  23    73  -168
260117 1256 -24  0.02  14.0971585  CS5TRG IN50 23          0  0.36  1  1    0  0   8     1   444
260117 1256 -18 -0.02  14.0971768  GM4DTH IO85 23          0  0.43  1  1    0  0   6     1   463
260117 1256 -27  0.11  14.0971896  M6GLD JO02 23           0  0.31  1  1    0  0  18     2   218
260117 1258 -12  0.28  14.0970027  <GM0DHD> IO85GW 33      0  0.38  1  1    0  0   3     1   468
260117 1258  -8 -0.40  14.0970096  <G4GCI> IO90GU 37       0  0.54  1  1    0  0   0     1   517
260117 1258  -8  0.28  14.0970176  G8MCD IO91 23           0  0.28  2  1    0  0  15     1   224
260117 1258  -4 -0.36  14.0970188  EA1FLU IN72 23          0  0.27  1  1    0  0  29     2   -13
260117 1258  -6  0.19  14.0970263  IZ2FER JN45 20          0  0.52  1  1    0  0   2     1   469
260117 1258 -24  0.02  14.0970341  DG2MCM JN57 20          0  0.14  1  1    0  0  27     1    56
260117 1258 -14 -0.06  14.0970489  DK3TGP JN57 23          0  0.34  1  1    0  0  10     1   408
260117 1258 -20 -0.32  14.0970528  DL3AAV JO52 23          1  0.32  2  1    0  0  31   115   -67
260117 1258 -15  0.41  14.0970537  HG7RED JN97 23          0  0.18  1  1   24  0  23   257   -92
260117 1258 -13 -0.02  14.0970602  OE7AAI JN57 23          0  0.32  1  1    0  0   5     1   497
260117 1258 -22  3.14  14.0970619  G8PY IO92 23            0  0.22  3  2    8  0  29    18   -82
260117 1258 -14  0.07  14.0970647  F/PA2EAR 10             0  0.17  1  1  -24  0  27   458  -101
260117 1258 -16  0.07  14.0970677  <DG1GHR> JN48AO 37      0  0.34  1  1    0  0  12     2   200
260117 1258 -20 -1.00  14.0970867  PE0MVJ JO32 10          0  0.15  1  1    0  0  11     8   182
260117 1258  -8  0.28  14.0971109  G4HSB IO94 23           0  0.23  3  2    0  1  29     1   810
260117 1258   2 -0.62  14.0971147  HB9BAX JN36 30          0  0.30  1  1    0  0  35   132   -67
260117 1258  18  0.02  14.0971426  IU0JJD JN61 23          0  0.67  1  1    0  0   0     1   769
260117 1258 -17  1.30  14.0971649  M6WCL IO80 23           0  0.18  3  3    0  1  35     1   810
260117 1258 -16  0.02  14.0971764  <GM4DTH> IO85JW 23      0  0.20  1  1    0  0  13     2   257
260117 1258 -19  0.28  14.0972030  OE6LHG JN77 23          0  0.23  1  1    0  0   0     1   541
260117 1300  -4  0.54  14.0970191  EA1FLU IN72 23          0  0.37  1  1   24  1  36     1   810
260117 1300 -13  0.79  14.0970237  0K0MLC OH42 57          0  0.28  3  4    0  0  22   214  -101
260117 1300 -21  0.15  14.0970365  G3TGD IO82 20          -2  0.21  1  1    0  0  14     1   331
260117 1300 -18  0.45  14.0970435  <...> IL28UB 30         0  0.21  1  1    0  0  51     1   376
260117 1300 -24  0.07  14.0970645  <...> JN17XF 10         0  0.27  3  2    0  0  70    35  -171
260117 1300 -13  0.41  14.0970650  PE1RBF JO21 23          0  0.26  1  1    0  0  10     1   456
260117 1300 -22  0.71  14.0970700  GM0HYY IO75 27          0  0.15  1  1  -40  0  38   231   -99
260117 1300 -14  0.19  14.0970807  G0IDE IO83 37           0  0.35  1  1    0  0   0     1   663
260117 1300  -3  0.75  14.0970946  IU1PPC JN44 30         -1  0.38  1  1    0  0  25     1    75
260117 1300 -13  0.24  14.0971007  9H2RA JM75 23           0  0.22  2  1    0  0  14     2   206
260117 1300 -12  0.02  14.0971038  M6VIO JO01 30           0  0.22  1  1   48  1  34     1   810
260117 1300 -18 -0.02  14.0971220  DL1WAG JN58 23          0  0.14  2  1   32  1  35     1   810
260117 1300 -17  0.37  14.0971271  PA0PPW JO21 23          0  0.13  1  1    8  1  35     1   810
260117 1300  21  0.02  14.0971432  <IU0JJD> JN61TP 23      0  0.80  1  1    0  0   0     1   801
260117 1300 -14  0.37  14.0971601  DH3HB JN49 27           0  0.28  1  1    0  0  23     8    58
260117 1300 -15  1.39  14.0971652  M6WCL IO80 23           0  0.23  1  1    0  0  16     1   317
260117 1300 -20  0.11  14.0971753  GI4LGP IO74 23          0  0.17  2  1    0  0  21     1   106
260117 1300 -19  0.28  14.0971796  DL1SWT JO53 23         -1  0.37  2  1    0  0   8     1   495
260117 1300 -21  1.39  14.0971886  G7UJY IO93 23           0  0.15  1  1    0  0  27    20    -7
260117 1302 -26  0.19  14.0970013  DL0PBS JO33 23         -1  0.20  1  1    0  0  19     2   152
260117 1302  -5  0.28  14.0970177  G8MCD IO91 23           0  0.33  2  1    0  0  22     4   130
260117 1302  -0 -0.40  14.0970190  EA1FLU IN72 23          0  0.34  1  1    0  0  25     2    67
260117 1302 -24  0.28  14.0970350  G8NQO IO81 20          -1  0.16  1  1    0  0  31    62   -23
260117 1302 -14  0.02  14.0970708  GM8HHC IO85 23          0  0.47  1  1    0  0   5     1   516
260117 1302 -24  0.19  14.0970757  G0NFY IO93 20           0  0.28  2  1    0  0  16     1   277
260117 1302 -15  0.28  14.0970909  PA0ATB JO33 37          0  0.43  1  1    0  0   9     1   557
260117 1302  -0 -0.96  14.0971114  HB9BAX JN36 30         -2  0.29  1  1    0  0  21    31   194
260117 1302  -7  1.22  14.0971221  OK2SAM JN99 30          0  0.24  1  1    0  0  24     5    90
260117 1302 -14  1.01  14.0971262  DG7NFX JN59 23          0  0.32  2  1    0  0  12     1   401
260117 1302  -3  0.24  14.0971324  IU0OQM JN62 37         -1  0.61  1  1    0  0   0     1   644
260117 1302 -22  1.60  14.0971521  2E0DLC IO93 23          0  0.24  1  1    0  0  21    15    56
260117 1302 -12  0.24  14.0971671  HB9BV JN36 23           0  0.58  1  1    0  0   0     1   685
260117 1302 -20  1.09  14.0971802  <OE1ELW> JN88EU 37      0  0.35  1  1    0  0   8     1   468
260117 1302  -9  0.41  14.0971907  IZ1MHY JN54 23          0  0.55  1  1    0  0   2     1   479
260117 1302 -21  0.07  14.0971947  HA6KLY KN07 23          0  0.24  2  1   -8  0  29    69  -107
260117 1302 -14  0.28  14.0972021  ON4LUK JO11 23          0  0.57  1  1    0  0   2     1   655
260117 1304  -4  0.02  14.0969999  IK4MGG JN54 23          0  0.68  1  1    0  0   0     1   708
260117 1304  -2  0.32  14.0970188  EA1FLU IN72 23          0  0.36  1  1    0  0  13     1   406
260117 1304 -23  0.02  14.0970339  DG2MCM JN57 20          0  0.32  1  1    0  0   5     1   619
260117 1304 -16  0.19  14.0970426  OZ7IT JO65 37           0  0.42  1  1    0  0   7     1   475
260117 1304 -23  0.19  14.0970513  PH9K JO33 27            0  0.34  1  1    0  0   8     1   478
260117 1304 -26  0.11  14.0970646  DL5JA JO31 23           0  0.13  2  1  -16  1  35     1   810
260117 1304  -7  0.58  14.0970722  HB9PVI JN37 23          0  0.68  1  1    0  0   2     1   613
260117 1304 -16 -0.32  14.0970768  PE0MVJ JO32 10          0  0.27  1  1    0  0  15     1   322
260117 1304  -9  6.59  14.0970896  GI3VAF IO74 37          0  0.25  1  1    0  0  11     1   328
260117 1304  -3  0.11  14.0970953  IU1PPC JN44 30         -4  0.26  1  1    0  0  22     2   147
260117 1304  -3  0.19  14.0971008  HA6QL JN97 33           0  0.44  3  1   -8  1  33     1   810
260117 1304  -2  0.28  14.0971031  G3SNT IO94 37          -2  0.32  2  1    0  0  19   410    14
260117 1304 -10  0.45  14.0971098  G4HSB IO94 23           0  0.46  1  1    0  0   7     1   487
260117 1304 -20  0.54  14.0971196  OK1VAW JO70 23          0  0.20  3  1  -24  0  30   489  -122
260117 1304 -18  0.07  14.0971233  PD9FER JO22 23          0  0.25  2  1    0  0  32   143  -138
260117 1304  -6  0.19  14.0971274  PA7D JO23 23            0  0.63  1  1    0  0   0     1   531
260117 1304 -24 -0.19  14.0971573  M0MVA IO81 27           0  0.21  3  2    0  0  31    14   -21
260117 1304  -7  0.49  14.0971657  ON7AN JO20 27           0  0.60  1  1    0  0   3     1   588
260117 1304 -15  0.11  14.0971736  PD0KT JO33 10           0  0.35  1  1   32  0  27   230   -57
260117 1304 -20 -0.02  14.0971741  PA2PGU JO32 23         -1  0.15  2  1   32  1  46     1   810
260117 1304 -25  0.45  14.0971909  ON2TSF JN29 20          0  0.25  1  1    0  0  12     1   410
260117 1306 -14  0.37  14.0970128  G1EEK IO91 23           0  0.18  2  1  -24  1  39     1   810
260117 1306  -0  0.24  14.0970176  G8MCD IO91 23           0  0.36  1  1    0  0  18     1   122
260117 1306  -3 -0.53  14.0970188  EA1FLU IN72 23          0  0.29  2  1    0  1  39     1   810
260117 1306 -25  0.02  14.0970343  DG2MCM JN57 20          0  0.16  1  1    0  1  34     1   810
260117 1306 -18 -0.19  14.0970635  PD9FER JO22 23          0  0.13  2  1   64  1  34     1   810
260117 1306 -19  0.37  14.0970649  PE1RBF JO21 23          0  0.24  3  1    0  1  28     1   810
260117 1306  -9  0.58  14.0970722  HB9PVI JN37 23          0  0.37  2  1  -56  0  22     2    52
260117 1306  -1  1.56  14.0970735  IK5ZAI JN53 23          0  0.51  1  1    0  0   5     3   396
260117 1306 -17  6.17  14.0970814  <PB2GT> JO22RD 33       0  0.30  1  1    0  0  20     2   212
260117 1306 -10  0.24  14.0970980  G6TOT JO01 37           0  0.43  1  1    0  0  16     1   301
260117 1306  -7  0.28  14.0971039  M6VIO JO01 30           0  0.60  1  1    0  0   1     1   494
260117 1306 -21 -0.74  14.0971063  M7KQU IO91 20           0  0.25  2  1    0  0  28   204   -22
260117 1306  -6  0.15  14.0971276  <PA7D> JO23VF 23        0  0.56  1  1    0  0   1     1   517
260117 1306 -15 -0.36  14.0971324  G2PLX JO02 20           0  0.25  2  1    0  0  21     2   206
260117 1306  -2  0.15  14.0971393  G0TCD IO91 37           0  0.45  1  1    8  0  28   316   -98
260117 1306  -9  0.02  14.0971397  EI3JQB IO51 23          0  0.25  2  1    0  0  27    12    68
260117 1306 -14  0.19  14.0971545  G6PSZ IO82 23           0  0.45  1  1    0  0  16     1   314
260117 1306 -25  1.43  14.0971653  M6WCL IO80 23           0  0.15  2  1  -24  1  37     1   810
260117 1306 -20  0.32  14.0971667  ON2TSF JN29 20          0  0.24  1  1    0  1  22     1   810
260117 1308 -19  0.32  14.0970013  PA0PPW JO21 23          0  0.43  2  1    0  0   3     1   587
260117 1308  -9  0.28  14.0970027  GM0DHD IO85 33          0  0.45  1  1    0  0   1     1   552
260117 1308  -2 -0.19  14.0970187  EA1FLU IN72 23          0  0.42  1  1    0  0  12     1   177
260117 1308 -17  0.62  14.0970243  G6PDE JO02 23          -1  0.20  1  1    8  0  26   129   -83
260117 1308 -19  0.41  14.0970304  SK7BQ JO76 23           0  0.29  1  1    0  0  19     1   239
260117 1308 -19  0.24  14.0970369  M6GLD JO02 23           0  0.26  2  1    0  0  27    57    70
260117 1308 -12  0.49  14.0970386  DL7ACI JN48 37          0  0.31  1  1    0  0   7     2   343
260117 1308 -20  0.75  14.0970445  G4RVH IO84 17          -3  0.17  1  1    0  0  17     1   265
260117 1308 -13  0.28  14.0970534  CT1BAT IN50  0          0  0.23  1  1    0  0  15     9   218
260117 1308 -23  3.22  14.0970617  G8PY IO92 23            0  0.25  1  1    0  0  28    40    -9
260117 1308  -7  0.37  14.0970958  G1EEK IO91 23          -1  0.21  1  1    0  0  31    38   -79
260117 1308  -4  0.37  14.0970989  G3SNT IO94 37          -1  0.20  1  1    0  0  31   192   -93
260117 1308 -11  0.32  14.0971016  M0WMG IO95 37           1  0.28  2  1    0  1  33     1   810
260117 1308  -1  0.37  14.0971031  DC1SAF JN48 33          0  0.41  1  1    0  0   0     1   686
260117 1308 -14  0.45  14.0971098  ON2TSF JN29 20          0  0.12  3  3  -16  1  33     1   810
260117 1308  -7 -0.57  14.0971140  HB9BAX JN36 30          0  0.29  2  1    0  0  34   126   -63
260117 1308   1  0.24  14.0971164  HB9DOZ JN37 23         -3  0.66  1  1    0  0   1     1   619
260117 1308 -11  0.96  14.0971262  DG7NFX JN59 23          0  0.25  1  1    0  0  10     1   339
260117 1308 -15  0.24  14.0971271  PA0GAB JO33 20          0  0.34  2  1    0  0  19     1    72
260117 1308 -17  0.19  14.0971587  OZ1AAB JO65 20         -2  0.23  1  1    0  0  17     1   221
260117 1308 -18  0.07  14.0971628  DL2ALY JO63 23          0  0.32  1  1    0  0  15     1   270
260117 1310 -27  0.02  14.0970019  G8NMK IO94 10           0  0.24  1  1    0  0  23     3   120
260117 1310 -11  0.45  14.0970090  G4HSB IO94 23           0  0.49  1  1    0  0   0     1   507
260117 1310  -6  0.24  14.0970177  G8MCD IO91 23           0  0.60  1  1    0  0   2     1   532
260117 1310 -21  0.88  14.0970237  0K0MLC OH42 57          0  0.20  1  1    0  0  14     1   265
260117 1310 -18 -0.06  14.0970336  DG2MCM JN57 20          1  0.22  1  1    0  0  26     9    20
260117 1310 -22  0.11  14.0970365  G3TGD IO82 20          -1  0.28  2  1    0  0  22     5   205
260117 1310 -16  0.54  14.0970434  EA8/DK5HH 30            0  0.28  1  1    0  0   8     1   371
260117 1310 -21  1.73  14.0970524  <...> JO01II 23         0  0.19  1  1   16  0  58    38   -78
260117 1310  -5  0.15  14.0970625  DL1WAG JN58 23          0  0.22  1  1    0  0   9     1   331
260117 1310  -4  0.37  14.0970658  OZ9ACF JO65 37         -1  0.26  1  1    0  0  27     1    96
260117 1310 -10 -0.02  14.0970671  DD3MS JN59 23           0  0.33  2  1    0  0   3     1   523
260117 1310 -12  0.24  14.0970736  DL4XJ JO42 30           0  0.31  1  1    0  0   8     1   459
260117 1310 -12  0.24  14.0970807  G0IDE IO83 37           0  0.26  1  1    0  0   2     1   540
260117 1310  -4  0.54  14.0970968  G3SNT IO94 37          -2  0.13  1  1    0  1  29     1   810
260117 1310  -4  1.05  14.0970993  OE3KFB JN78 37          1  0.15  1  1   32  1  32     1   810
260117 1310  17  0.02  14.0971064  IU0JJD JN61 23          0  0.78  1  1    0  0   0     1   753
260117 1310  -5  0.19  14.0971140  <HB9DOZ> JN37RF 23     -2  0.17  1  1    0  0  12     1   326
260117 1310 -15  0.45  14.0971428  ON2TSF JN29 20          0  0.21  2  1    0  1  24     1   810
260117 1310  -9  0.24  14.0971470  G1EEK IO91 23           0  0.35  1  1    0  0  12     1   343
260117 1310 -24  1.39  14.0971652  M6WCL IO80 23           0  0.17  1  1    0  0  23     5    17
260117 1310 -10  0.11  14.0971832  CS5WB IM68 23           1  0.48  1  1    0  0   2     1   339
260117 1310 -26  0.37  14.0971855  OK1VAW JO70 23          0  0.17  3  2   32  1  44     1   810
260117 1310 -21  0.02  14.0971923  HA6KLY KN07 23          1  0.15  1  1   32  1  43     1   810
260117 1310 -21  0.62  14.0971959  HB9T JN36 23            0  0.23  1  1    0  0  43     2   285
260117 1312 -28  0.02  14.0969926  SM7URN JO76 23          0  0.25  2  1    0  0  25   153    42
260117 1312 -15 -0.23  14.0969939  IZ5MJO JN53 10         -1  0.39  1  1    0  0   5     1   542
260117 1312 -28  0.37  14.0970290  G8NQO IO81 20          -2  0.14  1  1  -32  1  38     1   810
260117 1312 -19 -0.53  14.0970440  IZ5MMH JN53 10          0  0.18  1  1    0  0  16     3   119
260117 1312 -21 -0.32  14.0970539  PD9FER JO22 23          0  0.21  1  1    0  1  30     1   810
260117 1312  -9  0.41  14.0970649  PE1RBF JO21 23          0  0.20  1  1    0  0  14     1   262
260117 1312 -11 -0.02  14.0970670  <DD3MS> JN59KV 23       0  0.23  1  1    0  0   8     1   365
260117 1312 -20  0.28  14.0970720  PD1RE JO22 23           0  0.22  2  1    0  0  19     1   264
260117 1312  -5  6.68  14.0970896  GI3VAF IO74 37          0  0.17  1  1    0  1  17     1   810
260117 1312  -2  0.15  14.0970980  G6AFG IO83 37           0  0.46  2  1    0  0  18     2   160
260117 1312  20 -0.02  14.0971064  <IU0JJD> JN61TP 23      0  0.79  1  1    0  0   0     1   777
260117 1312  -8  0.24  14.0971198  ON4WS JO20 27           0  0.16  1  1    0  0  10     1   423
260117 1312 -17  0.49  14.0971717  G7KNK IO91 23           1  0.22  1  1    0  0  14     1   367
260117 1312 -18  0.41  14.0971809  ON2TSF JN29 20          0  0.24  1  1    0  0   2     1   587
260117 1312 -25 -2.92  14.0971996  GM7RBY IO75 20          0  0.13  1  1    0  0  27    38    12
260117 1314 -29  0.28  14.0970013  DL0PBS JO33 23         -1  0.16  2  1    0  1  41     1   810
260117 1314  -1  0.24  14.0970178  G8MCD IO91 23           0  0.80  1  1    0  0   0     1   527
260117 1314 -20  0.54  14.0970246  ON2TSF JN29 20          0  0.22  1  1    0  0  16     1   282
260117 1314 -24 -0.06  14.0970337  DG2MCM JN57 20          1  0.28  1  1    0  0   9     1   433
260117 1314 -25  0.02  14.0970398  HA6KLY KN07 23          0  0.25  2  1    0  0  25    16    62
260117 1314 -21  1.22  14.0970442  G7UJY IO93 23           0  0.35  1  1    0  0   7     1   441
260117 1314 -15  0.19  14.0970509  PH9K JO33 27            0  0.14  1  1    0  0  30   229  -129
260117 1314 -20  0.32  14.0970529  OE6LHG JN77 23          0  0.27  2  1    0  1  43     1   810
260117 1314 -14 -0.19  14.0970531  G4HJE JO01 23           0  0.18  1  1   -8  1  41     1   810
260117 1314 -17  0.02  14.0970769  G1EEK IO91 23           0  0.25  1  1    0  0  14     1   337
260117 1314 -11  6.51  14.0970815  PB2GT JO22 33           0  0.58  1  1    0  0   9     1   390
260117 1314  -7  0.45  14.0970933  G3SNT IO94 37          -1  0.30  1  1    0  0  16     1   249
260117 1314 -10  0.07  14.0970947  OE9PTI JN47 23          0  0.35  2  1    0  0  11     1   405
260117 1314 -13  0.28  14.0971024  IK4PLZ JN54 10         -1  0.32  1  1    0  0   9     1   329
260117 1314 -16  1.26  14.0971079  M0WTL IO80 23           0  0.33  1  1    0  0  15     1   284
260117 1314 -24  0.54  14.0971100  <PA3AQR> JO20XW 20      0  0.20  2  1    0  0  31    80   -28
260117 1314 -17  0.19  14.0971141  SP2SGQ JO83 23          0  0.30  1  1    0  0  18     1   275
260117 1314 -18  1.01  14.0971260  DG7NFX JN59 23          0  0.14  1  1    0  0   9     1   389
260117 1314  -2  0.28  14.0971314  IU0OQM JN62 37          0  0.38  1  1    0  0  24     1   224
260117 1314 -13  0.07  14.0971374  DG8GAD JN48 27          0  0.23  3  2   16  0  22   323    65
260117 1314  -8  0.24  14.0971449  HB9AK JN36 23           1  0.58  1  1    0  0   7     1   500
260117 1314  -4  0.07  14.0971540  IK4MGG JN54 23          1  0.40  1  1    0  0  25     5    76
260117 1314 -11 -0.02  14.0971547  DK3TGP JN57 23          1  0.28  2  1    0  1  33     1   810
260117 1314 -15  1.39  14.0971652  M6WCL IO80 23           0  0.47  1  1    0  0   8     1   378
260117 1314 -23  0.66  14.0971722  G4PEY IO91 23           2  0.17  2  1  -24  1  37     1   810
260117 1314 -15  0.54  14.0971723  <G7KNK> IO91PH 23       0  0.43  1  1    0  0  12     1   357
260117 1314 -14 -0.79  14.0972018  ON4LUK JO11 23          0  0.63  1  1    0  0   0     1   702
260117 1316 -23  0.62  14.0970118  PD9FER JO22 23          0  0.29  1  1    0  0  27     1   104
260117 1316 -27 -0.06  14.0970260  PA2PGU JO32 23          0  0.24  1  1    0  0  20     1   187
260117 1316 -23  0.41  14.0970328  ON2TSF JN29 20          0  0.39  1  1    0  0   3     1   595
260117 1316 -22  0.37  14.0970408  OK1VAW JO70 23          0  0.27  1  1    0  0  28    15   -13
260117 1316 -23  2.11  14.0970509  G8PCB IO91 23           0  0.19  3  1   -8  1  36     1   810
260117 1316 -11  0.41  14.0970533  PA0PPW JO21 23          0  0.40  1  1    0  0   7     1   491
260117 1316 -18 -0.23  14.0970534  G4HJE JO01 23           0  0.30  2  1    0  0  36   174   -36
260117 1316 -23  3.14  14.0970621  G8PY IO92 23            0  0.14  2  1    8  1  40     1   810
260117 1316 -15  0.45  14.0970718  PE1PMD JO23 23          0  0.25  2  1    0  0  32    57   -43
260117 1316  -6  0.54  14.0970723  HB9PVI JN37 23          0  0.61  1  1    0  0   4     1   589
260117 1316 -16  0.15  14.0970807  G0IDE IO83 37           0  0.33  1  1    0  0  18     4   221
260117 1316 -10  0.02  14.0970944  <OE9PTI> JN47VL 23      0  0.24  2  1  -16  0  29   384  -112
260117 1316  -6  0.45  14.0970952  IU1PPC JN44 30         -3  0.22  1  1    0  1  27     1   810
260117 1316  -9  0.37  14.0970983  G6TOT JO01 37          -1  0.19  1  1  -24  1  41     1   810
260117 1316 -16 -2.41  14.0971013  DM5CS JO30 20           0  0.26  3  3   24  0  33   327    -6
260117 1316  -7  0.24  14.0971041  M6VIO JO01 30           0  0.50  1  1    0  0   2     1   537
260117 1316 -18 -0.70  14.0971065  M7KQU IO91 20           0  0.18  3  2    0  1  37     1   810
260117 1316 -16  0.19  14.0971158  PD4MLS JO21 10          0  0.40  1  1    0  0  12     1   255
260117 1316 -19 -0.79  14.0971234  <PA3GHQ> JO21LT 23      0  0.30  1  1    0  0   8     1   463
260117 1316 -14  0.37  14.0971300  G4HSB IO94 23           0  0.46  1  1    0  0   6     1   468
260117 1316 -15  0.62  14.0971365  G4RVH IO84 17          -1  0.32  1  1    0  0  19     2   265
260117 1316 -22  0.37  14.0971487  <...> IO91KG 23         0  0.10  3  1   -8  0  57    61   -81
260117 1316 -23  1.69  14.0971521  2E0DLC IO93 23          0  0.17  1  1    8  1  39     1   810
260117 1316 -15 -1.04  14.0971768  PE0MVJ JO32 10          0  0.19  1  1    0  0  21     8   189
260117 1316  -4  0.19  14.0971836  PA7D JO23 23            0  0.62  1  1    0  0   2     1   485
260117 1318  -7  0.28  14.0970178  G8MCD IO91 23           0  0.70  1  1    0  0   0     1   514
260117 1318 -18  0.79  14.0970242  G6PDE JO02 23           0  0.30  1  1    0  0  11     2   245
260117 1318 -17 -0.02  14.0970336  DG2MCM JN57 20          1  0.47  1  1    0  0   5     1   385
260117 1318 -13  0.54  14.0970416  PD9FER JO22 23          0  0.51  1  1    0  0  21     1   179
260117 1318  -9  0.32  14.0970650  PE1RBF JO21 23          0  0.60  1  1    0  0   7     1   415
260117 1318 -27  0.28  14.0970759  G0NFY IO93 20           0  0.14  1  1    0  1  37     1   810
260117 1318  -5 -0.27  14.0970941  G1EEK IO91 23           0  0.16  3  4   -8  1  30     1   810
260117 1318   0  1.13  14.0970991  OE3KFB JN78 37          0  0.58  1  1    0  0   9     1   289
260117 1318 -19  0.37  14.0971110  ON2TSF JN29 20          0  0.21  1  1    0  0  22    14    66
260117 1318 -17  0.15  14.0971352  GM8HHC IO85 23          0  0.43  1  1    0  0   8     1   413
260117 1318 -18  0.41  14.0971445  SK7BQ JO76 23           0  0.45  1  1    0  0   6     1   420
260117 1318 -26  0.19  14.0971587  HA6KLY KN07 23          0  0.22  2  1    0  1  36     1   810
260117 1318 -19  0.24  14.0971610  M6GLD JO02 23           0  0.39  1  1    0  0   6     1   413
260117 1318 -17  0.19  14.0971779  DL2ALY JO63 23          0  0.35  1  1    0  0   7     1   333
260117 1318  -7  0.19  14.0971837  <PA7D> JO23VF 23        0  0.66  1  1    0  0   0     1   519
260117 1320  -6  0.28  14.0970028  <GM0DHD> IO85GW 33      0  0.71  1  1    0  0  18     1   328
260117 1320 -21  0.02  14.0970121  <...> IO85IW 23         0  0.24  1  1    0  0  58     3    79
260117 1320 -12  0.24  14.0970214  PD0KT JO33 10           0  0.37  1  1    0  0  28     1   118
260117 1320 -14  0.88  14.0970238  0K0MLC OH42 57          0  0.24  1  1    0  0  24     3   154
260117 1320 -15  0.45  14.0970360  G3TGD IO82 20           0  0.36  1  1  -40  1  47     1   810
260117 1320 -12  0.37  14.0970390  DL7ACI JN48 37          0  0.52  1  1    0  0  19     1   246
260117 1320 -17  0.45  14.0970528  ON2TSF JN29 20          0  0.35  1  1    0  0  27     1   185
260117 1320 -19  0.28  14.0970624  G4BAV JO02 20          -1  0.34  1  1    0  0  20     1   327
260117 1320 -10  0.24  14.0970739  G4UCU IO83 30           0  0.35  1  1    0  0  35     2   104
260117 1320 -12 -0.02  14.0970775  DL3EL JO40 20           0  0.27  1  1    0  0  41   124  -106
260117 1320  -7  0.49  14.0970903  G3SNT IO94 37           0  0.17  2  1    0  1  42     1   810
260117 1320   6 -0.10  14.0970954  IU1PPC JN44 30         -2  0.39  1  1    0  0  20     1   189
260117 1320  -2  0.28  14.0971033  DC1SAF JN48 33          0  0.35  1  1    0  0  23     1   274
260117 1320 -10  1.05  14.0971094  M7KYK IO83 37           0  0.30  1  1    0  0  28     1   157
260117 1320 -14  0.37  14.0971212  M0NIF IO90 23           0  0.42  1  1    0  0  19     1   311
260117 1320 -18  0.62  14.0971281  G1EEK IO91 23           0  0.31  1  1    0  0  29     5   163
260117 1320 -21  0.11  14.0971738  SM7URN JO76 23          0  0.31  1  1    0  0  31     7    55
260206_224455    14.096 Tx WSPR     0  0.0 1444 EA6AJT JM19 30
260206_224600    14.096 Tx WSPR     0  0.0 1444 EA6AJT JM19 30
260206 2248 -11  0.19  14.0971033  EA6FG JM19 23          -4  0.66  1  1    0  0   0     1   809
260206_225000    14.096 Tx WSPR     0  0.0 1444 EA6AJT JM19 40
260206 2252 -25  0.24  14.0971006  WA4DT EM94 30           0  0.21  1  1    0  0  31   186  -143
260206_225400    14.096 Tx WSPR     0  0.0 1444 EA6AJT JM19 40
260206 2256 -26  0.32  14.0971116  K4COD EM73 33           0  0.20  1  1    0  0  32     2   -38
260206 2258 -23  0.37  14.0970913  WA3DNM FM29 37          0  0.27  1  1    0  0  19     1   252
260206 2258 -27  3.22  14.0970988  N8VIM FN42 37           1  0.13  1  1    0  1  41     1   810
260206_230000    14.096 Tx WSPR     0  0.0 1444 EA6AJT JM19 40
260206 2304 -30  0.54  14.0970507  K5XL EM12 33            0  0.16  1  1   -8  0  33   152  -101
260206 2306 -22  0.37  14.0970875  N4WLO/1 37              0  0.26  1  1    0  0  22     1   165
260206 2306 -11  0.24  14.0971032  EA6FG JM19 23          -4  0.63  1  1    0  0   0     1   801
260214_235641    14.096 Tx WSPR     0  0.0 1444 EA6AJT JM19 37
260214_235800    14.096 Tx WSPR     0  0.0 1444 EA6AJT JM19 37
260215 0000 -11  0.28  14.0971039  EA6FG JM19 23          -4  0.59  1  1    0  0   0     1   806
260215_000400    14.096 Tx WSPR     0  0.0 1444 EA6AJT JM19 37
260215 0006 -12  0.28  14.0971045  EA6FG JM19 23          -4  0.62  1  1    0  0   0     1   800
260215_001000    14.096 Tx WSPR     0  0.0 1444 EA6AJT JM19 37
260215 0012 -11  0.28  14.0971041  EA6FG JM19 23          -4  0.61  1  1    0  0   0     1   804
260215_001400    14.096 Tx WSPR     0  0.0 1444 EA6AJT JM19 37
260222_000600    14.096 Tx WSPR     0  0.0 1444 EA6AJT JM19 37
260222_001000    14.096 Tx WSPR     0  0.0 1444 EA6AJT JM19 37
260222_001400    14.096 Tx WSPR     0  0.0 1444 EA6AJT JM19 37
260306 2234 -25  0.96  14.0969971  KK4MBI FM18 37          0  0.19  1  1    0  0  20     2   232
260306 2234 -23  0.24  14.0970948  N4WLO/1 37              0  0.18  2  1    0  1  34     1   810
260306 2234 -15  3.14  14.0970977  N8VIM FN42 37           0  0.46  1  1    0  0   8     1   481
260306 2234 -28  0.02  14.0971278  WA3ITR FN42 33          0  0.16  1  1    0  1  38     1   810
260306_223600    14.096 Tx WSPR     0  0.0 1444 EA6AJT JM19 37
260306 2238 -24  0.79  14.0969976  KK4MBI FM18 37          0  0.32  1  1    0  0  13     1   346
260306 2238 -28  0.02  14.0971278  WA3ITR FN42 33          0  0.19  1  1    0  1  36     1   810
260306_224000    14.096 Tx WSPR     0  0.0 1444 EA6AJT JM19 37
260320 2306 -18  0.24  14.0971050  EA6FG JM19 23          -4  0.46  1  1    0  0   0     1   760
260320_231000    14.096 Tx WSPR     0  0.0 1444 EA6AJT JM19 30
260320_231200    14.096 Tx WSPR     0  0.0 1444 EA6AJT JM19 30
260320 2318 -19  0.28  14.0971039  EA6FG JM19 23          -4  0.45  1  1    0  0   0     1   770
260320_232000    14.096 Tx WSPR     0  0.0 1444 EA6AJT JM19 37
260320_232400    14.096 Tx WSPR     0  0.0 1444 EA6AJT JM19 37
260410_092045    14.074 Rx WSPR   -25  0.1 1387 RN6MA PD3CFG JO22
260410_092045    14.074 Rx WSPR   -20  0.2 1335 JA6VQA IZ2ACM 73
260410 0922 -28 -0.87  14.0969943  PE0FKO JO32 10          0  0.24  1  1    0  0  18     1   276
260410 0922 -18  0.11  14.0970077  GM0DHD IO85 27          0  0.45  1  1    0  0   7     1   515
260410 0922 -16 -0.02  14.0970157  G6EJD IO81 20           0  0.24  2  1   -8  0  30    67   -15
260410 0922   1  0.11  14.0970179  G8MCD IO91 23           0  0.80  1  1    0  0   0     1   769
260410 0922 -18 -0.02  14.0970346  MW0XMG IO81 23          0  0.28  1  1    0  0  27     7   106
260410 0922 -23  0.54  14.0970384  EI7II IO51 23           0  0.25  2  1   -8  0  37   229  -164
260410 0922 -22  0.58  14.0970405  G4RVH IO84 17          -1  0.27  1  1  -16  1  36     1   810
260410 0922 -31  4.89  14.0970473  SM7WDL JO76 23          0  0.17  1  1    0  0  29   300   -69
260410 0922 -25 -0.53  14.0970534  G4HJE JO01 23           0  0.27  2  1    0  0  17     1   285
260410 0922 -23 -0.15  14.0970548  G8OSN JO01 23           0  0.18  1  1   -8  0  31   146  -112
260410 0922 -25 -0.83  14.0970632  PE1HUD JO32 10         -1  0.15  1  1    0  0  25    24    -8
260410 0922  -9 -0.06  14.0970696  DG7FT JN58 23           0  0.66  1  1    0  0   0     1   760
260410 0922 -16  0.32  14.0970829  <...> IO91KG 23         0  0.55  1  1    0  0  45     1   646
260410 0922  -9  1.09  14.0970966  PA2W JO22 37            0  0.74  1  1    0  0   1     1   670
260410 0922 -13  5.36  14.0971127  PD9FER JO22 23          0  0.25  1  1    0  0  15     3   227
260410 0922 -11  1.30  14.0971159  PE1JXI JO20 10          0  0.30  1  1    0  0  22     1   140
260410 0922 -20  0.15  14.0971210  ON4WS JO20 27           0  0.34  1  1    0  0  17   147    58
260410 0922 -22  0.15  14.0971239  <...> IO90DR 27         0  0.38  1  1    0  0  61    55   -70
260410 0922 -30  0.02  14.0971366  GM7FIE IO85 23          0  0.25  1  1    0  0  13     1   344
260410 0922 -12  0.02  14.0971544  M6GLD JO02 23           0  0.63  1  1    0  0   1     1   626
260410 0922 -19 -0.06  14.0971842  DB2OM JO52 23           0  0.49  1  1    0  0   1     1   592
260410 0922 -20 -0.32  14.0971931  LX3KR JN39 10           0  0.18  1  1    0  0  28     2   111
260410 0922 -18  0.41  14.0971950  ON2TSF JN29 20          0  0.44  1  1    0  0   5     1   543
260410 0924 -19  0.32  14.0970052  ON2TSF JN29 20          0  0.33  1  1    0  0  12     1   369
260410 0924 -21  0.07  14.0970529  PH9K JO33 27            0  0.20  2  1    0  1  35     1   810
260410 0924 -17 -0.32  14.0970569  G6EJD IO81 20           0  0.29  1  1    0  0  15     1   342
260410 0924  -8  0.37  14.0970644  G4HSB IO94 23           0  0.56  1  1    0  0   0     1   742
260410 0924 -10 -0.15  14.0970696  <DG7FT> JN58UA 23       0  0.45  1  1    0  0   3     1   613
260410 0924 -15  5.02  14.0970824  PB2GT JO22 33           0  0.23  2  1    0  0  19     1   307
260410 0924 -10 -0.06  14.0970835  OE7AAI JN57 23          0  0.33  1  1    0  0  18     1   287
260410 0924  -8  0.07  14.0971024  DK9WT JO30 23           0  0.50  1  1    0  0   7     1   562
260410 0924 -11  0.75  14.0971161  PE1JXI JO20 10          0  0.23  1  1    0  0  29   390   -77
260410 0924 -12  0.41  14.0971196  SP3VSS JO82 23          0  0.33  1  1    0  0  21     1   194
260410 0924 -11  1.01  14.0971268  DG7NFX JN59 23          0  0.49  1  1    0  0   2     1   560
260410 0924 -20  0.28  14.0971283  EI8KG IO63 23           0  0.37  2  1    0  0  18     2   230
260410 0924 -17 -0.36  14.0971327  G2PLX JO02 20           0  0.38  1  1    0  0  18     1   269
260410 0924 -16  0.11  14.0971444  HB9AFZ JN46 37          2  0.22  1  1    0  0  18     2   125
260410 0924 -21 -0.27  14.0971460  G8OSN JO01 23           0  0.18  2  1    0  1  41     1   810
260410 0924 -15  2.50  14.0971518  2E0DLC IO93 23          0  0.40  2  1    0  0  13     1   377
260410 0924  -6  0.11  14.0971549  PA7D JO23 23            0  0.65  1  1    0  0   0     1   699
260410 0924 -18  0.15  14.0971696  DK3WM JO41 23          -1  0.28  1  1    0  0  24    64     0
260410 0924 -27 -0.06  14.0971756  OE9PTI JN47 23          0  0.15  2  1    0  1  34     1   810
260410 0924 -16  0.15  14.0971805  MM7BWK IO85 33          0  0.29  1  1    0  0  21    14   193
260410 0924 -22 -0.23  14.0971807  M0MVA IO81 27           0  0.17  2  1    0  0  28     3    47
260410 0924 -17  0.71  14.0971891  DL4XU JO53 33           0  0.46  1  1    0  0   4     1   641
260410 0924 -19 -0.23  14.0971934  LX3KR JN39 10           0  0.27  1  1    0  0  17     1   311
260410 0926 -18 -0.36  14.0969949  G6EJD IO81 20           0  0.33  1  1    0  0   6     1   454
260410 0926 -26  0.15  14.0970017  DL0PBS JO33 23         -1  0.19  1  1    0  0  18     1   225
260410 0926  -4  0.15  14.0970153  G4GCI IO90 37           0  0.53  1  1    0  1  41     1   810
260410 0926  -1  0.15  14.0970183  G8MCD IO91 23           0  0.74  1  1    0  0   0     1   723
260410 0926 -18  0.41  14.0970202  ON2TSF JN29 20          0  0.32  2  1    0  0  11     1   385
260410 0926 -26  0.32  14.0970384  DL0CFG JO41 23          0  0.19  3  3    0  0  31   451  -184
260410 0926 -34  0.58  14.0970500  M0PVB IO91 23           1  0.14  1  1   -8  0  35   225  -222
260410 0926 -26  0.71  14.0970572  DL3AAV JO52 23          0  0.23  1  1    0  0  26    22    -1
260410 0926 -25  4.80  14.0970638  PA0DFN JO32 23          0  0.26  1  1    0  0  27    35   108
260410 0926 -15  0.96  14.0970810  G0EKQ IO83 37           0  0.55  1  1    0  0   1     1   625
260410 0926 -17  6.42  14.0970912  GI3VAF IO74 37          0  0.32  2  1    0  0  17     1   279
260410 0926 -10 -0.06  14.0970931  GW7UNV IO82 27          0  0.50  1  1    0  0   4     1   633
260410 0926 -16  0.07  14.0970976  G7GYP IO82 27           0  0.21  2  1    0  0  25   132   -26
260410 0926  -8  1.01  14.0971019  OE3KFB JN78 37          1  0.60  1  1    0  0   1     1   706
260410 0926 -24  0.96  14.0971062  DC6ZK JO52 30          -2  0.22  1  1  -16  0  30   447  -134
260410 0926 -12  1.43  14.0971161  PE1JXI JO20 10          0  0.34  1  1    0  0  21     1   266
260410 0926 -18 -0.10  14.0971206  PA3BCA JO21 13          0  0.26  2  1    0  0  18     2   170
260410 0926 -19  0.19  14.0971358  M0DFT IO90 37           0  0.44  1  1    0  0   4     1   609
260410 0926 -18 -0.06  14.0971417  MI9PYZ IO65 23          0  0.37  1  1    0  0   9     1   421
260410 0926  -9  0.15  14.0971523  PI9ESA JO22 27          0  0.44  1  1    0  0   7     1   374
260410 0926  -8  0.15  14.0971552  <PA7D> JO23VF 23        0  0.55  1  1    0  0  11     1   425
260410 0926 -23 -0.10  14.0971680  PA2PGU JO32 23          0  0.38  1  1    0  0   8     1   460
260410 0926 -25  0.62  14.0971814  QJ9FGO JP02  3          0  0.24  1  1    0  0  25     1   168
260410 0926 -19 -0.27  14.0971934  LX3KR JN39 10           0  0.30  1  1    0  0  22     2   146
260410 0928 -15  0.02  14.0969901  G4JQT/P 23              0  0.54  1  1    0  0   2     1   600
260410 0928 -30 -0.66  14.0969946  PE0FKO JO32 10          0  0.15  1  1    0  1  41     1   810
260410 0928  -8  0.37  14.0970102  OZ5ACI JO66 30          0  0.74  1  1    0  0   0     1   768
260410 0928 -27  1.18  14.0970233  G8XYQ JO02 23          -2  0.17  1  1    0  0  26     3    40
260410 0928 -21  5.70  14.0970569  PA0DFN JO32 23          0  0.18  2  1    0  1  37     1   810
260410 0928 -17  0.28  14.0970611  SP3VSS JO82 23         -1  0.18  1  1    0  1  26     1   810
260410 0928 -18  0.62  14.0970681  G6EJD IO81 20           0  0.25  1  1    0  0  21     1   220
260410 0928  -2 -0.02  14.0970755  DK3TG JN58 23           0  0.75  1  1    0  0   0     1   688
260410 0928 -18  2.16  14.0970809  PD9FER JO22 23          0  0.22  1  1    0  0  22     1   249
260410 0928 -10 -0.02  14.0970933  GW7UNV IO82 27          0  0.43  1  1    0  0   5     1   501
260410 0928 -10  0.11  14.0970977  DK9ES JO31 23           0  0.26  1  1    0  0   7     1   488
260410 0928 -11  0.24  14.0971025  M0WMG IO95 37           0  0.46  1  1    0  0   2     1   636
260410 0928 -15  1.05  14.0971162  PE1JXI JO20 10          0  0.32  1  1    0  0  19     1   221
260410 0928 -16  0.24  14.0971220  PD1RE JO22 23           0  0.53  1  1    0  0   4     1   575
260410 0928  -8  0.32  14.0971395  <...> IO90DR 27         0  0.58  1  1    0  0  51     1   112
260410 0928 -13  0.15  14.0971547  <...> JO31AW 27         0  0.64  1  1    0  0  43     1   547
260410 0928 -15  0.41  14.0971832  ON2TSF JN29 20          0  0.60  1  1    0  0   2     1   601
260410 0928 -22 -0.23  14.0971936  LX3KR JN39 10           0  0.30  1  1    0  0  17     1   286
260410 0928 -18  0.32  14.0972000  DK7MI JN67 20           0  0.57  1  1    0  0   5     1   611
260410 0930 -11  0.41  14.0970076  G4HSB IO94 23           0  0.51  1  1    0  0   1     1   648
260410 0930   2  0.15  14.0970184  G8MCD IO91 23           0  0.84  1  1    0  0   0     1   724
260410 0930 -20 -0.02  14.0970326  DB2OM JO52 23           0  0.26  1  1    0  0  11     1   445
260410 0930 -15 -0.06  14.0970484  DD3MS JN59 23           0  0.54  1  1    0  0   1     1   571
260410 0930 -18  0.15  14.0970579  SP3VSS JO82 23          0  0.34  1  1    0  0  16     3   212
260410 0930 -17 -0.23  14.0970689  MW0XMG IO81 23          0  0.26  1  1    0  0   7     1   469
260410 0930 -11  0.11  14.0970744  DL4XJ JO42 30           0  0.61  1  1    0  0   2     1   558
260410 0930 -28  0.28  14.0970805  DF1GA JO61 23           0  0.17  1  1    0  0  28   105  -153
260410 0930 -15  0.37  14.0970905  G3PMY IO90 23           0  0.38  1  1    0  0  16     1   296
260410 0930 -13  0.19  14.0971031  9H2RA JM75 23          -1  0.46  1  1    0  0   5     1   579
260410 0930 -13  0.28  14.0971089  OK1JX JO70 37           0  0.34  1  1    0  0  15     3   132
260410 0930 -15  0.96  14.0971162  PE1JXI JO20 10          0  0.22  1  1    0  0  26    21   -29
260410 0930   1  0.24  14.0971265  G4LEN IO81 37           0  0.82  1  1    0  0   0     1   732
260410 0930  -4  0.24  14.0971294  ON4DM JO11 23           0  0.76  1  1    0  0  19     1   197
260410 0930 -11  2.50  14.0971525  2E0DLC IO93 23          0  0.41  1  1    0  0   3     1   661
260410 0930 -18  2.84  14.0971569  PD9FER JO22 23          0  0.18  2  1    0  1  41     1   810
260410 0930  -9  0.28  14.0971582  DG1DBX JO31 33          0  0.55  1  1    0  0   8     1   511
260410 0930 -17  0.32  14.0971780  OE6LHG JN77 23          0  0.34  1  1    0  0  21    43   138
260410 0930 -16  0.28  14.0971808  MM7BWK IO85 33          0  0.37  1  1    0  0  19     1   189
260410 0930 -18 -0.23  14.0971936  LX3KR JN39 10           0  0.38  1  1    0  0   9     1   448
260410 0932 -14  4.72  14.0970048  PD9FER JO22 23          0  0.33  1  1    0  0  26    11    34
260410 0932 -14  0.15  14.0970081  GM0DHD IO85 27          0  0.36  1  1    0  0   8     1   469
260410 0932 -26  0.19  14.0970214  G0NFY IO93 20           0  0.21  2  1    0  0  24     4    52
260410 0932 -14  0.02  14.0970254  PC4T JO22 23            0  0.57  1  1    0  0   2     1   624
260410 0932 -20 -0.02  14.0970358  SR8RJS KN09 23          0  0.43  1  1    0  0   6     1   512
260410 0932 -13 -0.06  14.0970484  <DD3MS> JN59KV 23       0  0.63  1  1    0  0   0     1   668
260410 0932 -22  0.58  14.0970571  G4PEY IO91 23           1  0.23  1  1    0  1  35     1   810
260410 0932 -11  0.32  14.0970774  G1MEI IO91 23           0  0.23  1  1    0  0  10     1   478
260410 0932  -9  5.02  14.0970829  <PB2GT> JO22RD 33       0  0.35  1  1    0  0   7     1   450
260410 0932 -13  0.24  14.0970899  G6EJD IO81 20           0  0.38  1  1    0  0   8     1   523
260410 0932 -16  0.28  14.0970994  G8OSN JO01 23           0  0.29  2  1    0  0  14     1   389
260410 0932  -9  0.11  14.0971039  M6GLD JO02 23           0  0.54  1  1    0  0   3     1   561
260410 0932 -20 -0.36  14.0971070  MW0XMG IO81 23          0  0.26  2  1    0  0  32    13    -6
260410 0932 -24 -0.19  14.0971132  PA2PGU JO32 23          0  0.21  1  1    0  0  27    45    65
260410 0932 -11 -0.15  14.0971492  SP3VSS JO82 23          1  0.35  1  1    0  0  25     2   125
260410 0932 -19 -0.06  14.0971530  PA3BCA JO21 13          0  0.26  2  1    0  1  32     1   810
260410 0932 -25 -1.68  14.0971566  G5XWH IO93 23           0  0.16  3  2   32  0  24   282   -56
260410 0932 -21  5.44  14.0971602  PA0DFN JO32 23          0  0.15  2  1    0  1  43     1   810
260410 0932 -11  0.32  14.0971625  G7SYO IO90 27           0  0.46  1  1    0  0  10     1   478
260410 0932 -19 -1.00  14.0971642  M1TZR IO83 23           0  0.35  2  1    0  0  28     5    57
260410 0932 -23  0.19  14.0971707  PA1OSF JO22 17         -2  0.30  1  1    0  0  23     1   213
260410 0932 -17  0.07  14.0971836  DG8SF JN48 23           0  0.38  1  1    0  0  27   475   -25
260410 0932 -25  0.54  14.0971837  PA3AQR JO20 20          0  0.19  2  1    0  1  32     1   810
260410 0932 -19 -0.19  14.0971936  LX3KR JN39 10           0  0.37  1  1    0  0  16     1   286
260410_093600    14.096 Tx WSPR     0  0.0 1444 EA6AJT JM19 30
260410 0934 -32 -0.91  14.0969947  PE0FKO JO32 10          0  0.16  1  1    0  1  32     1   810
260410 0934   3  1.18  14.0970184  G8MCD IO91 23           0  0.87  1  1    0  0   0     1   656
260410 0934 -20 -0.06  14.0970520  SP3VSS JO82 23          0  0.15  2  1    0  1  34     1   810
260410 0934  -9  0.15  14.0970530  G3LRS IO92 23           0  0.62  1  1    0  0   0     1   699
260410 0934 -19  5.27  14.0970594  PA0DFN JO32 23          0  0.16  2  1    0  0  29   397  -117
260410 0934 -25  1.39  14.0970666  SM7WDL JO76 23          0  0.14  1  1    0  1  33     1   810
260410 0934 -19  0.37  14.0970775  <...> IO91KG 23         0  0.27  1  1    0  0  45     1   545
260410 0934 -18 -0.02  14.0970816  MI9PYZ IO65 23          0  0.22  1  1    0  1  19     1   810
260410 0934 -20  0.58  14.0970851  MW0XMG IO81 23          0  0.15  2  1  -56  1  41     1   810
260410 0934 -13  4.80  14.0970878  PD9FER JO22 23          0  0.28  1  1    0  0  18     2   197
260410 0934  -1  1.13  14.0970959  PA2W JO22 37            0  0.69  1  1    0  0   1     1   648
260410 0934 -18  0.11  14.0970974  G7GYP IO82 27           0  0.16  3  2    8  1  39     1   810
260410 0934 -16  0.07  14.0971019  HA6QL JN97 33           0  0.25  2  1    0  1  36     1   810
260410 0934 -10  0.71  14.0971020  OE3KFB JN78 37          1  0.22  1  1    0  0  16     1   269
260410 0934 -11  0.79  14.0971063  DC6ZK JO52 30          -1  0.28  1  1    0  0  23    12    55
260410 0934 -18 -0.15  14.0971082  IU0JJD JN61 23          0  0.18  1  1    0  0  38    54   -49
260410 0934 -14  1.05  14.0971161  PE1JXI JO20 10          0  0.33  1  1    0  0  17     2   223
260410 0934 -23 -0.06  14.0971201  G8KOE IO81 23           0  0.18  1  1   -8  0  23   131    24
260410 0934 -23  0.19  14.0971276  G3PMY IO90 23           0  0.20  1  1    0  0  18     4   286
260410 0934 -22  0.28  14.0971428  M0OLS IO81 23           0  0.25  1  1    0  0  22     4   157
260410 0934 -10  2.58  14.0971524  2E0DLC IO93 23          0  0.64  1  1    0  0   1     1   642
260410 0934 -13  0.32  14.0971625  <G7SYO> IO90DR 27       0  0.59  1  1    0  0   2     1   603
260410 0934 -16  0.32  14.0971654  EI8KG IO63 23           0  0.49  1  1    0  1  38     1   810
260410 0934  -7 -0.02  14.0971808  MM7BWK IO85 33          0  0.50  1  1    0  1  36     1   810
260410 0934  -4 -0.06  14.0971838  <DG8SF> JN48XJ 23       0  0.66  1  1    0  0   1     1   625
260410 0934 -16  0.66  14.0971896  DL4XU JO53 33           0  0.35  1  1    0  0   5     1   537
260410 0934 -19 -0.06  14.0971937  LX3KR JN39 10           0  0.25  1  1    0  0  18     1   260
260410_093800    14.096 Tx WSPR     0  0.0 1444 EA6AJT JM19 30
260410 0940 -24 -0.83  14.0969935  PE0FKO JO32 10          0  0.28  2  1    0  0  24     7   211
260410 0940 -17 -0.10  14.0969950  OK1VGQ JO70 23          0  0.38  1  1    0  0   9     3   342
260410 0940 -26 -0.32  14.0970187  PA3EDR/G 10             0  0.20  3  2    0  0  29    13   -24
260410 0940 -32  0.41  14.0970320  ON2TSF JN29 20          0  0.15  1  1    0  1  33     1   810
260410 0940 -26  1.82  14.0970525  G8PCB IO91 23           1  0.17  2  1  -16  1  39     1   810
260410 0940 -13 -0.06  14.0970776  SM7WDL JO76 23          0  0.19  1  1    0  1  29     1   810
260410 0940 -17  0.71  14.0970808  OE7GMT JN57 30         -4  0.20  2  1    0  0  33   206  -101
260410 0940 -14 -0.27  14.0970901  G6EJD IO81 20           0  0.16  1  1    0  0  36    20   -68
260410 0940  -8  0.11  14.0970982  DK9ES JO31 23           0  0.29  2  1    0  0  19     1   253
260410 0940   5  0.28  14.0970999  PA0IOT JO22 37          0  0.63  1  1    0  0   1     1   652
260410 0940  -7  0.19  14.0971135  PG2A JO21 23            0  0.30  3  1    0  0  25    40   -85
260410 0940  -2  1.26  14.0971151  PE1JXI JO20 10          0  0.29  1  1    0  0  26     8   145
260410 0940  -8 -0.02  14.0971177  PC4T JO22 23            0  0.31  2  1    0  0  20     1   165
260410 0940 -20  2.75  14.0971264  G8OSN JO01 23           0  0.16  1  1    0  0  27    98   -60
260410 0940   3  0.15  14.0971388  G0TCD IO91 37           0  0.69  1  1    0  0   5     1   609
260410 0940  -5  0.02  14.0971464  DG7FT JN58 23           0  0.49  1  1    0  0   2     1   624
260410 0940 -11  0.32  14.0971657  <G7SYO> IO90DR 27       0  0.47  1  1    0  0   6     1   551
260410 0940 -13 -0.36  14.0971710  DK3WM JO41 23          -3  0.28  1  1    0  0  14    11   185
260410 0942   6  1.13  14.0970179  G8MCD IO91 23           0  0.81  1  1    0  0   0     1   717
260410 0942 -14  0.37  14.0970202  G4HSB IO94 23           0  0.25  2  1    0  1  34     1   810
260410 0942 -14  0.19  14.0970234  M6GLD JO02 23           0  0.19  1  1    0  1  34     1   810
260410 0942 -19 -0.40  14.0970365  G6EJD IO81 20           0  0.21  1  1    0  0  21     1   176
260410 0942 -23 -0.66  14.0970532  G4HJE JO01 23           0  0.27  1  1    0  0  10     1   437
260410 0942 -25  2.67  14.0970619  G8OSN JO01 23           0  0.15  1  1    0  1  27     1   810
260410 0942 -14 -0.06  14.0970679  MI9PYZ IO65 23          0  0.55  1  1    0  0   6     1   495
260410 0942  -5  5.06  14.0970814  PB2GT JO22 33           0  0.33  1  1    0  0   7     1   468
260410 0942 -15  0.15  14.0970968  G7GYP IO82 27           0  0.43  2  1    0  0   5     1   545
260410 0942  -5  0.88  14.0971014  OE3KFB JN78 37          1  0.57  1  1    0  0   0     1   696
260410 0942 -18  0.75  14.0971041  DC6ZK JO52 30          -1  0.15  2  1   32  1  41     1   810
260410 0942  -6  0.58  14.0971155  PE1JXI JO20 10          0  0.42  1  1    0  0  28   164   -34
260410 0942 -15  0.11  14.0971208  ON4WS JO20 27           0  0.17  3  3   -8  1  41     1   810
260410 0942 -10 -0.02  14.0971435  MW0XMG IO81 23          0  0.52  1  1    0  1  36     1   810
260410 0942  -7 -0.02  14.0971465  <DG7FT> JN58UA 23       0  0.63  1  1    0  0   3     1   598
260410 0942 -15  2.58  14.0971517  2E0DLC IO93 23          0  0.20  1  1    0  0  11     1   409
260410 0942  -5  0.19  14.0971575  DG1DBX JO31 33          0  0.54  1  1    0  0   3     1   576
260410 0942  -7  5.31  14.0971623  PD9FER JO22 23          0  0.35  1  1    0  0  11     1   400
260410 0942 -27  0.19  14.0971705  PA1OSF JO22 17         -2  0.14  1  1    0  1  43     1   810
260410 0942 -15  0.24  14.0971801  MM7BWK IO85 33          0  0.46  1  1    0  0   2     1   515
260410 0942 -18  0.15  14.0971854  G6GN IO81 30            0  0.41  1  1    0  0   7     1   476
260410_094600    14.096 Tx WSPR     0  0.0 1444 EA6AJT JM19 30
260410 0944 -17  4.80  14.0969923  PA0DFN JO32 23          0  0.27  1  1    0  0  29   241   -62
260410 0944 -19 -0.15  14.0969948  MW0XMG IO81 23          0  0.25  1  1    0  0  10     1   349
260410 0944 -17  0.19  14.0970077  GM0DHD IO85 27          0  0.49  1  1    0  0   4     1   529
260410 0944 -11  0.24  14.0970192  G7SYO IO90 27           0  0.65  1  1    0  0   0     1   717
260410 0944 -25  3.57  14.0970489  G8OSN JO01 23           0  0.24  2  1    0  0  36    70   -84
260410 0944 -17  0.15  14.0970525  PH9K JO33 27            0  0.46  1  1    0  0   7     1   442
260410 0944 -15  2.16  14.0970603  PA3FEX JO32 23          0  0.28  1  1    0  0  24     2   120
260410 0944 -25  0.71  14.0970741  SM7WDL JO76 23          0  0.14  1  1    0  1  43     1   810
260410 0944 -15  0.28  14.0970849  DK7MI JN67 20           0  0.37  1  1    0  0   2     1   629
260410 0944 -18 -0.23  14.0970909  G6EJD IO81 20          -1  0.15  2  1  -16  1  36     1   810
260410 0944 -13  6.51  14.0970911  GI3VAF IO74 37          0  0.24  1  1    0  0  22     1   279
260410 0944  -1  1.09  14.0970970  PA2W JO22 37            0  0.67  1  1    0  0   1     1   658
260410 0944  -9  0.15  14.0971021  DK9WT JO30 23           0  0.36  2  1    0  0   6     1   483
260410 0944  -6 -0.15  14.0971036  IU0JJD JN61 23          0  0.18  1  1    0  0  13     1   375
260410 0944  -8  1.56  14.0971156  PE1JXI JO20 10          0  0.35  1  1    0  0  19     1   232
260410 0944 -13  0.32  14.0971214  SP3VSS JO82 23          0  0.40  1  1    0  0  27    91    -3
260410 0944 -12  0.32  14.0971242  DB1SN JN48 23           0  0.47  1  1    0  0  25    27    18
260410 0944  -4 -0.10  14.0971356  M0DFT IO90 37           0  0.54  1  1    0  0   1     1   701
260410 0944 -14 -0.10  14.0971374  PA3BCA JO21 13          0  0.53  2  1    0  0   7     1   488
260410 0944  -5  5.06  14.0971525  PD9FER JO22 23          0  0.20  1  1    0  0  18     1   102
260410 0944  -5  0.11  14.0971541  PA0MLC JO31 27          0  0.39  1  1    0  0  15     2   154
260410 0944 -15 -0.36  14.0971580  G3PMY IO90 23           0  0.29  2  1    0  0  21   115    55
260410 0944 -15 -0.40  14.0971682  DK3WM JO41 23          -2  0.24  1  1    0  1  25     1   810
260410 0944 -19  0.37  14.0971701  G1MEI IO91 23           0  0.23  3  3    0  1  30     1   810
260410 0944 -18  0.75  14.0971891  DL4XU JO53 33           0  0.53  1  1    0  0   5     1   543
260410 0944 -21 -0.15  14.0971964  PA2PGU JO32 23          0  0.37  1  1    0  0   7     1   530
260410_111200    14.096 Tx WSPR     0  0.0 1444 EA6AJT JM19 30
260410 1114  -1 -0.66  14.0970172  G8MCD IO91 23           0  0.30  1  1  -24  1  34     1   810
260410 1114 -12 -0.40  14.0970531  G8OSN JO01 23           0  0.33  1  1    0  0  14     1   301
260410 1114 -16 -1.17  14.0970621  MW0XMG IO81 23          0  0.11  3  1    0  1  38     1   810
260410 1114 -10 -0.74  14.0970934  G7SYO IO90 27           0  0.21  1  1   -8  1  41     1   810
260410 1114  -3 -0.06  14.0970995  OE3KFB JN78 37          0  0.26  1  1    0  0  36   199  -111
260410 1114 -19 -0.83  14.0971488  SP3VSS JO82 23          0  0.16  2  1    0  1  38     1   810
260410 1114 -14  1.47  14.0971518  2E0DLC IO93 23          0  0.31  1  1   40  1  39     1   810
260410_111800    14.096 Tx WSPR     0  0.0 1444 EA6AJT JM19 30
260410 1116 -26 -1.00  14.0969931  PE0FKO JO32 10          0  0.31  1  1    0  0  13     1   407
260410 1116 -18 -0.32  14.0970119  MW0XMG IO81 23          0  0.39  1  1    0  0  13     1   398
260410 1116 -23 -0.19  14.0970243  GM8HHC IO85 23          0  0.31  1  1    0  0  24     1   110
260410 1116 -23 -0.19  14.0970487  SP3VSS JO82 23          0  0.27  1  1    0  0  30     1    89
260410 1116 -29  0.07  14.0970543  PH1RAM JO32  0          0  0.19  3  2    0  0  30     6     9
260410 1116 -17  0.15  14.0970737  G6EJD IO81 20           0  0.37  1  1    0  0  14     1   318
260410 1116 -13  0.11  14.0970793  <...> JO45TN 33         0  0.47  1  1    0  0  47     1   599
260410 1116 -20 -0.49  14.0970844  PA0GRU JO22 13          0  0.23  1  1    0  0  28     1    30
260410 1116 -21  6.30  14.0970904  GI3VAF IO74 37          0  0.20  2  1    0  0  32   448  -104
260410 1116  -9 -0.02  14.0970934  <G7SYO> IO90DR 27       0  0.33  1  1    0  0   5     1   571
260410 1116  -8  0.07  14.0970976  DK9ES JO31 23           0  0.22  1  1    0  0  16     1   149
260410 1116 -14  4.93  14.0970990  PD9FER JO22 23          0  0.24  2  1    0  1  33     1   810
260410 1116 -16 -0.49  14.0971013  G3PMY IO90 23           0  0.20  3  1    0  1  35     1   810
260410 1116  -6  0.88  14.0971166  PE1JXI JO20 10          0  0.28  1  1    0  0  20     7   170
260410 1116  -7  0.02  14.0971385  G0TCD IO91 37           0  0.61  1  1    0  0   0     1   591
260410 1116 -20 -0.15  14.0971445  PC4T JO22 23            0  0.24  2  1    0  0  32    44    25
260410 1116 -14  5.02  14.0971483  PA0DFN JO32 23          0  0.19  1  1    0  0  23    18   -10
260410 1116 -20  2.50  14.0971518  2E0DLC IO93 23          0  0.25  2  1    0  0  26     2   118
260410 1116 -13  0.07  14.0971521  PI9ESA JO22 27          0  0.27  1  1    0  1  27     1   810
260410 1116 -14 -0.23  14.0971582  DK3WM JO41 23           0  0.23  2  1    0  1  32     1   810
260410 1116 -18  0.28  14.0971620  G8OSN JO01 23           0  0.22  3  4   16  1  42     1   810
260410 1116 -11  0.32  14.0971623  PA0HV JO21 23           0  0.50  1  1    0  0  24     4    29
260410 1116 -24  0.24  14.0971773  M0WDK IO92 23           0  0.22  2  1    0  0  25   297    88
260410 1116 -17 -0.10  14.0971804  PE1KFC JO22 23          0  0.36  1  1    0  0  16     1   395
260410 1116 -24  0.37  14.0971902  G4PEY IO91 23           1  0.23  2  1    0  1  33     1   810
260410 1116 -14  0.28  14.0971922  LX3KR JN39 10           0  0.46  1  1    0  0  39     1    -7
260410_112200    14.096 Tx WSPR     0  0.0 1444 EA6AJT JM19 30
260410 1120 -27  0.19  14.0970091  OZ5ACI JO66 30          0  0.23  1  1    0  0  21     1    93
260410 1120 -23  0.45  14.0970201  MW0XMG IO81 23          0  0.16  1  1   -8  1  42     1   810
260410 1120 -23  5.70  14.0970277  PA0DFN JO32 23          0  0.17  1  1    0  1  32     1   810
260410 1120 -12  0.07  14.0970360  DJ8XD JO52 37           0  0.34  2  1    0  0  12     1   312
260410 1120  -6  0.02  14.0970366  G6GN IO81 30            0  0.47  1  1    0  0  25     9   114
260410 1120 -20 -0.23  14.0970413  PA3BCA JO21 13          0  0.16  2  1    8  1  36     1   810
260410 1120 -15  0.19  14.0970422  G8OSN JO01 23           0  0.15  1  1    0  0  31    14   -13
260410 1120 -18 -0.23  14.0970493  OE7XZB JN57 23          0  0.39  1  1    0  0   6     1   566
260410 1120 -19  1.90  14.0970606  PA3FEX JO32 23          0  0.23  1  1    0  1  39     1   810
260410 1120 -18  0.28  14.0970906  G1MEI IO91 23           0  0.31  1  1    0  0  11     1   411
260410 1120  -5  0.96  14.0970978  PA2W JO22 37            0  0.28  1  1    0  0  25     9    30
260410 1120  -8 -0.02  14.0971004  HA6QL JN97 33           0  0.26  3  1  -24  1  40     1   810
260410 1120 -22  0.19  14.0971134  PG2A JO21 23            0  0.20  2  1    0  1  31     1   810
260410 1120 -18  1.13  14.0971170  PE1JXI JO20 10          0  0.24  1  1    0  0  30    25     9
260410 1120 -11  0.07  14.0971288  ON4DM JO11 23           0  0.69  1  1    0  0   0     1   684
260410 1120 -10  0.11  14.0971462  DK7MI JN67 20           0  0.46  1  1    0  0  26     2   102
260410 1120  -9  0.07  14.0971493  G7SYO IO90 27           0  0.35  1  1    0  0  10     1   380
260410 1120 -13  0.02  14.0971538  PA0MLC JO31 27          0  0.36  2  1    0  0  13     1   322
260410 1120  -8  0.32  14.0971553  M1EBU IO90 23           0  0.28  1  1    0  0  27    22   -47
260410 1120  -9  0.28  14.0971582  ON2TSF JN29 20          0  0.38  1  1   16  1  36     1   810
260410 1120 -16  0.15  14.0971923  LX3KR JN39 10           0  0.43  1  1    0  0   5     1   616
260410_112600    14.096 Tx WSPR     0  0.0 1444 EA6AJT JM19 30
260410 1124 -17 -0.15  14.0970058  G6EJD IO81 20           0  0.28  1  1    0  1  29     1   810
260410 1124 -22  0.28  14.0970222  EI8KG IO63 23           0  0.14  2  1   -8  1  35     1   810
260410 1124 -10 -0.15  14.0970254  OE7AAI JN57 23          0  0.31  1  1    0  0   3     1   539
260410 1124  -8  0.07  14.0970280  PA7D JO23 23            0  0.35  1  1    0  1  30     1   810
260410 1124 -22  0.19  14.0970413  ON2TSF JN29 20          0  0.37  1  1    0  0  11     1   438
260410 1124 -16 -0.02  14.0970521  PH9K JO33 27            0  0.49  1  1    0  0  18     3   261
260410 1124 -19 -0.06  14.0970550  G8KOE IO81 23           0  0.37  1  1    0  1  37     1   810
260410 1124 -23  0.07  14.0970792  <...> JO45TN 33         0  0.35  1  1    0  0  48     1   399
260410 1124 -21 -1.17  14.0970862  M1TZR IO83 23           0  0.19  1  1    0  0  29    33   -71
260410 1124 -13  0.24  14.0970934  G4HSB IO94 23           0  0.44  1  1    0  0   6     1   485
260410 1124 -20  2.71  14.0970983  N8VIM FN42 37           0  0.17  3  1    0  1  33     1   810
260410 1124  -8 -0.02  14.0971016  DK9WT JO30 23           0  0.52  2  1    0  0   5     1   423
260410 1124  -3 -0.06  14.0971017  EA6FG JM19 23          -4  0.45  1  1    0  0   0     1   723
260410 1124 -21 -0.32  14.0971088  DD4DE JO54 23           0  0.13  1  1   48  0  30   139  -168
260410 1124 -18 -0.02  14.0971136  G3IUZ IO81 10           1  0.27  2  1    0  0  16    17   147
260410 1124 -13  1.60  14.0971171  PE1JXI JO20 10          0  0.22  1  1    0  1  37     1   810
260410 1124 -15 -0.10  14.0971202  G8OSN JO01 23           0  0.25  1  1    0  0  19     1   260
260410 1124 -17  0.96  14.0971260  DG7NFX JN59 23          0  0.30  1  1    0  0  12     1   342
260410 1124 -16 -0.32  14.0971317  G2PLX JO02 20           0  0.24  1  1    0  1  29     1   810
260410 1124 -14 -0.15  14.0971398  IU0JJD JN61 23          0  0.39  1  1    0  0   2     1   583
260410 1124 -27 -0.23  14.0971415  M0MVA IO81 27           0  0.17  3  3  -32  1  44     1   810
260410 1124 -16 -0.10  14.0971436  HB9AFZ JN46 37          2  0.17  1  1    0  0  23     3   141
260410 1124 -15  2.50  14.0971517  2E0DLC IO93 23          0  0.30  1  1    0  0  20     9     5
260410 1124 -15  0.11  14.0971579  DK3WM JO41 23           0  0.35  1  1    0  0  25     1   139
260410 1124 -25  0.37  14.0971672  PA3AQR JO20 20          0  0.26  1  1    0  0  19     1   196
260410 1124 -11  0.15  14.0971891  ON4LAO JO10 23          0  0.56  1  1    0  0   0     1   707
260410 1124 -12  0.19  14.0971922  LX3KR JN39 10           0  0.38  1  1    0  0  21     3   172
260410_113000    14.096 Tx WSPR     0  0.0 1444 EA6AJT JM19 30
260410 1128 -12 -0.45  14.0970003  G8OSN JO01 23           0  0.48  1  1    0  0  10     1   359
260410 1128 -21  0.37  14.0970225  G8XYQ JO02 23          -2  0.17  2  1    0  1  39     1   810
260410 1128  -8 -0.19  14.0970230  DK3TG JN58 23           0  0.55  1  1    0  0   6     1   497
260410 1128 -14 -0.23  14.0970336  GM4DTH IO85 23          0  0.17  3  4    0  1  37     1   810
260410 1128 -21  0.28  14.0970531  ON2TSF JN29 20          0  0.32  1  1    0  0  14     1   368
260410 1128 -12  0.19  14.0970641  PD1RE JO22 23           0  0.37  1  1    0  0  20     3   158
260410 1128 -11  0.24  14.0970670  DK7MI JN67 20           0  0.35  1  1    0  1  34     1   810
260410 1128 -19  0.02  14.0970792  OZ1GI JO45 33           0  0.35  1  1    0  0  10     1   397
260410 1128 -10 -0.15  14.0970922  GW7UNV IO82 27          0  0.44  1  1    0  0   4     1   534
260410 1128 -10  0.96  14.0970978  PA2W JO22 37            0  0.15  2  1    0  0  25     2    89
260410 1128  -9  0.58  14.0970998  OE3KFB JN78 37          0  0.21  2  1    0  1  43     1   810
260410 1128  -1  0.07  14.0970998  G8NWC IO92 37           0  0.43  1  1    0  0  10     1   368
260410 1128  -9 -0.15  14.0971091  DG7FT JN58 23           0  0.56  1  1    0  0   0     1   616
260410 1128 -14  0.58  14.0971168  PE1JXI JO20 10          0  0.26  1  1    0  0  20     4   250
260410 1128 -13  1.30  14.0971239  G1VNA IO70 23           0  0.25  2  1    0  0  17     2   301
260410 1128  -2 -0.06  14.0971257  DL1FX JN49 23           0  0.49  1  1    0  0   5     1   524
260410 1128 -13  0.02  14.0971462  <G7SYO> IO90DR 27       0  0.46  1  1    0  0   6     1   425
260410 1128 -17  2.24  14.0971514  2E0DLC IO93 23          0  0.16  1  1    0  0  28     3   -21
260410 1128  -6  0.11  14.0971572  DG1DBX JO31 33          0  0.28  1  1    0  0  30   160   -82
260410 1128 -11 -0.23  14.0971576  DK3WM JO41 23          -1  0.25  2  1    0  0  25     1   149
260410 1128 -22  0.11  14.0971766  MM7BWK IO85 33          0  0.35  1  1    0  0  17     2   279
260410 1128 -24  0.28  14.0971886  <DL0CFG> JO41XK 23      0  0.25  2  1   -8  0  31   209  -133
260410 1128 -18  0.15  14.0971927  LX3KR JN39 10           0  0.35  1  1    0  0  11     1   384
260410_113400    14.096 Tx WSPR     0  0.0 1444 EA6AJT JM19 30
260410 1132 -25 -0.66  14.0969901  PA0GRU JO22 13          1  0.22  1  1    0  1  37     1   810
260410 1132 -13  0.07  14.0969983  G7SYO IO90 27           0  0.64  1  1    0  0   0     1   657
260410 1132 -27  0.19  14.0970095  OZ5ACI JO66 30          0  0.27  2  1    0  0  21     5   170
260410 1132 -14 -0.15  14.0970215  DG8SF JN48 23           0  0.59  1  1    0  0   0     1   605
260410 1132 -12  0.02  14.0970369  DJ8XD JO52 37           0  0.70  1  1    0  0   1     1   692
260410 1132 -18  5.57  14.0970446  PD9FER JO22 23          1  0.18  2  1   -8  1  38     1   810
260410 1132 -16  0.37  14.0970482  G8OSN JO01 23           0  0.22  2  1    8  1  40     1   810
260410 1132 -19 -0.70  14.0970526  G4HJE JO01 23           0  0.32  1  1    0  1  25     1   810
260410 1132 -21  0.19  14.0970738  ON2TSF JN29 20          0  0.24  1  1    0  0  12     1   467
260410 1132 -16  0.11  14.0970792  <OZ1GI> JO45TN 33       0  0.31  1  1    0  0  21     1   191
260410 1132 -19  0.79  14.0970800  G0EKQ IO83 37           1  0.43  2  1    0  0  11     1   381
260410 1132 -18 -0.19  14.0970853  <DD3MS> JN59KV 23       0  0.44  1  1    0  0   2     1   534
260410 1132 -21 -0.06  14.0970991  DF7PE JN48 23          -3  0.31  2  1    0  0  17     1   259
260410 1132 -11  0.11  14.0971015  M0WMG IO95 37           0  0.61  1  1    0  0   5     1   534
260410 1132 -19  0.37  14.0971126  G1MEI IO91 23           0  0.17  1  1    0  0  23    56   -69
260410 1132 -14  0.79  14.0971168  PE1JXI JO20 10          0  0.30  2  1    0  0  35   124   -86
260410 1132  -6  0.02  14.0971199  ON4WS JO20 27           0  0.66  1  1    0  0   4     1   551
260410 1132 -20  0.96  14.0971233  OK2SAM JN99 30          0  0.17  3  1   16  1  44     1   810
260410 1132 -22 -0.27  14.0971249  PA3BCA JO21 13          0  0.16  3  3   24  1  40     1   810
260410 1132 -18  3.35  14.0971344  G0TTV JO02 23           0  0.31  2  1    0  0  33    33   -58
260410 1132 -21 -0.02  14.0971389  M6GLD JO02 23           0  0.39  1  1    0  0  12     1   270
260410 1132 -15  0.07  14.0971502  M0NIF IO90 23           0  0.50  1  1    0  0  14     1   365
260410 1132 -21 -0.15  14.0971505  PC4T JO22 23            0  0.16  2  1    0  1  39     1   810
260410 1132 -19  0.07  14.0971656  SP3VSS JO82 23          0  0.33  1  1    0  0  17     1   291
260410 1132 -26  0.11  14.0971700  PA1OSF JO22 17         -3  0.16  2  1    0  1  29     1   810
260410 1132 -22  0.15  14.0971765  MM7BWK IO85 33          0  0.31  1  1    0  0  17     1   293
260410 1132 -24 -0.15  14.0971814  GM8HHC IO85 23          0  0.25  2  1    0  1  37     1   810
260410 1132 -12  0.02  14.0971864  G6GN IO81 30            0  0.66  1  1    0  0   0     1   728
260410 1132 -20 -0.66  14.0971926  LX3KR JN39 10           0  0.34  1  1    0  0   9     1   445
260410 1132 -17  0.15  14.0972009  <DG1GHR> JN48AO 37      0  0.33  1  1    0  0  17     6   220
260410 1136 -14  5.27  14.0969979  PD9FER JO22 23          0  0.37  1  1    0  0  17     1   109
260410 1136 -28  0.02  14.0970202  G0NFY IO93 20           0  0.13  1  1    0  1  35     1   810
260410 1136 -16 -0.02  14.0970514  DL1SAN JN48 20          0  0.49  1  1    0  0   0     1   601
260410 1136 -20  1.82  14.0970610  PA3FEX JO32 23         -1  0.20  1  1   24  1  37     1   810
260410 1136 -22  4.63  14.0970674  PA0DFN JO32 23          0  0.22  2  1   40  1  42     1   810
260410 1136 -15 -0.23  14.0970719  SP3VSS JO82 23          0  0.44  1  1    0  0   7     1   395
260410 1136 -16  0.11  14.0970792  OZ1GI JO45 33           0  0.21  1  1    0  0  26   114   -66
260410 1136 -10  0.32  14.0970894  G4HSB IO94 23           0  0.36  1  1    0  0   9     7   433
260410 1136 -14  0.11  14.0970961  <G7GYP> IO82XA 27       0  0.14  2  1  -48  0  31   388  -163
260410 1136  -6  0.83  14.0970976  PA2W JO22 37            0  0.17  1  1    0  0  26     2   127
260410 1136  -2 -0.02  14.0971023  EA6FG JM19 23          -3  0.53  1  1    0  0   1     1   730
260410 1136 -12  0.24  14.0971044  PA0HV JO21 23           0  0.29  2  1    0  0  15     2   218
260410 1136 -14  0.24  14.0971078  ON2TSF JN29 20          0  0.25  2  1    0  1  34     1   810
260410 1136 -11  1.43  14.0971170  PE1JXI JO20 10          0  0.12  1  1    0  1  37     1   810
260410 1136  -8  0.88  14.0971257  DG7NFX JN59 23          0  0.11  3  3   16  1  43     1   810
260410 1136  13 -0.23  14.0971319  <IU0JJD> JN61TP 23      0  0.74  1  1    0  0   1     1   720
260410 1136  -3  0.07  14.0971377  PA7D JO23 23            0  0.29  2  1    0  0  23     4    57
260410 1136   1 -0.02  14.0971383  G0TCD IO91 37           0  0.31  1  1    0  1  29     1   810
260410 1136  -5 -0.02  14.0971519  PI9ESA JO22 27          0  0.53  1  1    0  0   4     1   447
260410 1136 -13 -0.57  14.0971578  DK3WM JO41 23           0  0.20  2  1    0  1  39     1   810
260410 1136 -14  1.22  14.0971601  G8OSN JO01 23           0  0.19  2  1    0  1  34     1   810
260410 1136 -10 -0.19  14.0971618  OE7AAI JN57 23          0  0.31  1  1    0  0  11    10   377
260410 1136 -18  0.19  14.0971765  MM7BWK IO85 33          0  0.27  1  1    0  0   9     1   369
260410 1136 -18  0.15  14.0971853  G4GOC IO92 23           0  0.30  1  1    0  0   5     1   449
260410 1136 -18 -0.53  14.0971927  LX3KR JN39 10           0  0.29  1  1    0  0  16     1   264
260410 1138 -21  0.02  14.0970006  DL0PBS JO33 23         -1  0.27  1  1    0  0  17     1   282
260410 1138   2 -0.02  14.0970174  G8MCD IO91 23           0  0.72  1  1    0  0   1     1   698
260410 1138 -17  0.11  14.0970306  G0TTV JO02 23           0  0.29  1  1    0  0  31   357  -116
260410 1138 -16  0.15  14.0970339  PD1RE JO22 23           0  0.30  1  1    0  0  21     2   108
260410 1138 -14 -0.19  14.0970396  DB2OM JO52 23           0  0.45  1  1    0  0  10     1   284
260410 1138 -21  0.11  14.0970651  G6EJD IO81 20           0  0.23  1  1    0  0  34    65   -52
260410 1138 -12  5.02  14.0970992  PD9FER JO22 23          0  0.32  2  1    0  0  18     1   222
260410 1138  -4  0.71  14.0971009  OE3KFB JN78 37          1  0.51  1  1    0  0   2     1   666
260410 1138  -6  0.41  14.0971043  <PA0HV> JO21BU 23       0  0.25  1  1    0  0  24     1   174
260410 1138 -20 -0.15  14.0971075  OE7XZB JN57 23          0  0.27  2  1    0  0  25     2    49
260410 1138  -8  0.96  14.0971171  PE1JXI JO20 10          0  0.37  1  1    0  0  12     1   370
260410 1138 -16  0.15  14.0971223  <HG7RED> JN97KJ 23      0  0.22  2  1    8  0  23   384    25
260410 1138 -18  0.28  14.0971282  ON2TSF JN29 20          0  0.21  1  1    0  0  21     1   158
260410 1138 -18 -0.27  14.0971298  PA3BCA JO21 13          0  0.23  1  1    0  0  21     3   112
260410 1138  -5  0.15  14.0971380  <PA7D> JO23VF 23        0  0.36  1  1    0  0   6     1   527
260410 1138  -8  0.11  14.0971437  G7SYO IO90 27           0  0.40  1  1    0  0   5     1   526
260410 1138 -17  2.37  14.0971519  2E0DLC IO93 23          0  0.39  1  1    0  0  11     1   312
260410 1138 -11 -0.27  14.0971689  DK3TG JN58 23           0  0.50  1  1    0  0   9     1   540
260410 1138 -18 -0.66  14.0971928  LX3KR JN39 10           0  0.34  1  1    0  0   6     1   440
260410 1138  -8 -0.06  14.0972003  ON4LUK JO11 23          0  0.71  1  1    0  0   1     1   621
260410_114200    14.096 Tx WSPR     0  0.0 1444 EA6AJT JM19 30
260410 1140 -30 -1.04  14.0969937  PE0FKO JO32 10          0  0.30  1  1    0  0  27     2   144
260410 1140 -28  0.32  14.0970005  G4RVH IO84 17          -2  0.21  2  1    0  0  30    29   -51
260410 1140 -23 -0.57  14.0970135  PA0GRU JO22 13          0  0.39  1  1    0  0   7     1   529
260410 1140 -16 -0.19  14.0970281  G4JQT/P 23              0  0.26  1  1    0  1  24     1   810
260410 1140 -14 -0.06  14.0970375  G6GN IO81 30            0  0.37  1  1    0  0   8     1   456
260410 1140 -16  0.07  14.0970408  PA3AQR JO20 20          0  0.33  1  1    0  0  31   103    11
260410 1140 -16 -0.79  14.0970528  G4HJE JO01 23           0  0.52  1  1    0  0   0     1   593
260410 1140 -19 -0.23  14.0970581  G6EJD IO81 20           0  0.23  1  1    0  0  12     7   381
260410 1140 -14  3.82  14.0970635  G8OSN JO01 23           0  0.58  1  1    0  0   4     1   543
260410 1140 -16 -0.19  14.0970819  PC4T JO22 23            0  0.45  1  1    0  0  13     1   439
260410 1140 -22  0.28  14.0970853  MW0XMG IO81 23          0  0.19  2  1    0  1  43     1   810
260410 1140 -21 -0.10  14.0970904  PA3VDK JO21 10          0  0.24  1  1    0  0  14     1   315
260410 1140  -7 -0.06  14.0971001  G8NWC IO92 37           0  0.41  1  1  -64  1  41     1   810
260410 1140 -10  0.88  14.0971172  PE1JXI JO20 10          0  0.32  1  1    0  0  27   348  -143
260410 1140 -11  0.28  14.0971232  DG8FEW JN49 33          0  0.27  1  1    0  0  27     6    21
260410 1140 -15 -0.02  14.0971294  ON4DM JO11 23           0  0.49  1  1    0  0   2     1   488
260410 1140  -7  4.80  14.0971422  PD9FER JO22 23          0  0.42  1  1    0  0  17     1   233
260410 1140 -11 -0.02  14.0971438  <G7SYO> IO90DR 27       0  0.37  2  1    0  0   9     1   387
260410 1140 -14 -0.53  14.0971494  SP3VSS JO82 23          0  0.43  1  1    0  0   4     1   595
260410 1140 -17  0.02  14.0971574  DG1DBX JO31 33          0  0.21  2  1    0  1  39     1   810
260410 1140 -12 -0.45  14.0971582  DK3WM JO41 23           0  0.41  1  1    0  0  12     2   247
260410 1140 -23 -0.49  14.0971760  PE1ANW JO31 23          0  0.24  2  1    0  0  26   271   -22
260410 1140 -22  0.15  14.0971805  ON2TSF JN29 20          0  0.40  1  1    0  0   7     1   512
260410 1140 -20 -0.70  14.0971929  LX3KR JN39 10           0  0.48  1  1    0  0   5     1   551
260410 1140 -26  0.07  14.0972058  M0OLS IO81 23           0  0.18  1  1    0  0  35   160  -125
260410_114600    14.096 Tx WSPR     0  0.0 1444 EA6AJT JM19 30
260410 1144 -20  0.24  14.0969917  EI8KG IO63 23           0  0.26  1  1    0  0   3     1   475
260410 1144 -17  0.28  14.0970087  DB1SN JN48 23           0  0.18  1  1    0  0  11     1   358
260410 1144  14 -0.19  14.0970323  IU0JJD JN61 23          0  0.74  1  1    0  0   0     1   736
260410 1144 -14 -0.32  14.0970407  G8OSN JO01 23           0  0.16  1  1    0  1  30     1   810
260410 1144 -18 -0.27  14.0970424  PA3BCA JO21 13          0  0.20  2  1   32  1  44     1   810
260410 1144 -10 -0.10  14.0970523  PH9K JO33 27            0  0.15  1  1    0  0  12     6   353
260410 1144  -8  4.63  14.0970542  PD9FER JO22 23          0  0.32  1  1    0  0  13     1   291
260410 1144 -18  1.01  14.0970765  G7UJY IO93 23           0  0.20  3  1    0  1  32     1   810
260410 1144 -16  0.83  14.0970804  G0EKQ IO83 37           0  0.17  3  4    0  1  37     1   810
260410 1144  -9  5.02  14.0970808  PB2GT JO22 33           0  0.32  1  1    0  0   8     1   395
260410 1144 -16  6.42  14.0970907  GI3VAF IO74 37          0  0.21  1  1    0  0  24    17   -15
260410 1144  -6  1.01  14.0970979  PA2W JO22 37            0  0.41  1  1    0  0  12     1   299
260410 1144 -18 -0.06  14.0971011  DF7PE JN48 23          -3  0.28  2  1    0  1  33     1   810
260410 1144  -7  0.07  14.0971017  DK9WT JO30 23           0  0.32  1  1    0  0   8     1   383
260410 1144  -9  0.07  14.0971116  G7SYO IO90 27           0  0.50  1  1    0  0   2     1   541
260410 1144 -10  1.01  14.0971173  PE1JXI JO20 10          0  0.25  1  1    0  0  11     1   349
260410 1144 -17  2.46  14.0971519  2E0DLC IO93 23          0  0.36  1  1    0  0  16     3   191
260410 1144 -17  0.32  14.0971579  DK3WM JO41 23           0  0.21  1  1    0  1  30     1   810
260410 1144 -23  0.37  14.0971652  DK7MI JN67 20           0  0.26  1  1    0  0  14     1   210
260410 1144 -18  0.37  14.0971713  <G7KNK> IO91PH 23       0  0.34  1  1    0  0   1     1   424
260410 1144 -18 -0.66  14.0971928  LX3KR JN39 10           0  0.30  2  1    0  0  12     1   171
260410 1144 -13  0.41  14.0971935  M1EBU IO90 23           0  0.37  1  1    0  0  20     2   128
260410 1148 -19 -0.02  14.0969920  <...> JN38RL 23         0  0.48  1  1    0  0  44     1   566
260410 1148 -18  0.15  14.0970049  ON2TSF JN29 20          0  0.45  1  1    0  0   6     1   533
260410 1148  -9 -0.19  14.0970283  OE9PTI JN47 23          0  0.46  1  1    0  0  24    17   -38
260410 1148  -9 -0.23  14.0970312  <DG7FT> JN58UA 23       0  0.52  1  1    0  0  10     1   457
260410 1148 -10  0.24  14.0970545  ON4LAO JO10 23          0  0.29  3  4    8  1  40     1   810
260410 1148  -9 -0.23  14.0970689  DK3TG JN58 23           0  0.33  1  1    0  0   0     1   588
260410 1148  -8  0.28  14.0970712  PD1RE JO22 23           0  0.31  1  1    0  0  22    10    79
260410 1148 -12 -0.06  14.0970980  PC4T JO22 23            0  0.18  1  1    0  0  14     1   366
260410 1148  -4 -0.02  14.0971025  EA6FG JM19 23          -3  0.68  1  1    0  0   0     1   807
260410 1148 -13 -0.02  14.0971078  DG8FEW JN49 33          2  0.30  1  1    0  0  24     1   100
260410 1148 -11  1.13  14.0971175  PE1JXI JO20 10          0  0.37  1  1    0  0  14     1   326
260410 1148 -23 -0.23  14.0971312  MW0XMG IO81 23          0  0.27  1  1    0  0  32     4     0
260410 1148 -23 -0.23  14.0971414  IK4MGG JN54 23          0  0.24  1  1    0  0  10     1   425
260410 1148  -7 -0.19  14.0971499  OE7AAI JN57 23          0  0.48  1  1    0  0   2     1   564
260410 1148 -18 -0.15  14.0971580  DK3WM JO41 23           0  0.24  1  1    0  0  30     7   -33
260410 1148 -28 -0.06  14.0971651  M0HWD IO91 13          -1  0.20  1  1    0  0  17     1   203
260410 1148 -16  0.15  14.0971768  MM7BWK IO85 33          0  0.60  1  1    0  0   4     1   629
260410 1148 -10  0.19  14.0971910  PA7D JO23 23            0  0.44  1  1    0  0  12     1   402
260410 1148 -15 -0.57  14.0971925  LX3KR JN39 10           0  0.16  2  1    0  1  29     1   810
260410 1148 -14  0.41  14.0971937  G4HSB IO94 23           0  0.19  2  1    0  1  37     1   810
260410 1150  -5  0.02  14.0970178  G8MCD IO91 23           0  0.59  1  1    0  0   1     1   650
260410 1150 -19 -0.19  14.0970287  <OE9PTI> JN47VL 23      0  0.33  1  1    0  0   0     1   669
260410 1150 -26 -0.23  14.0970300  MI9PYZ IO65 23          0  0.28  2  1    0  1  29     1   810
260410 1150 -15 -0.02  14.0970376  G6GN IO81 30            0  0.43  1  1    0  0   9     6   235
260410 1150 -25 -0.49  14.0970722  G3PMY IO90 23           0  0.16  1  1    0  1  31     1   810
260410 1150 -13  0.54  14.0970819  OE7GMT JN57 30         -3  0.17  1  1    0  0  19    47    53
260410 1150  -2  0.15  14.0971024  DG2MCM JN57 33          0  0.52  1  1    0  0  16     1   336
260410 1150 -12  0.37  14.0971090  ON2TSF JN29 20          0  0.26  1  1    0  1  31     1   810
260410 1150  -9  1.09  14.0971176  PE1JXI JO20 10          0  0.30  1  1    0  0  15     1   306
260410 1150 -15 -0.02  14.0971293  ON4DM JO11 23           0  0.54  1  1    0  0   3     1   451
260410 1150 -13 -0.19  14.0971401  DD4DE JO54 23           0  0.18  3  4    0  1  30     1   810
260410 1150 -15 -0.06  14.0971507  SP3VSS JO82 23          0  0.33  1  1    0  1  30     1   810
260410 1150 -14  0.02  14.0971538  PA0MLC JO31 27          0  0.41  1  1    0  0  13     4   388
260410 1150 -16 -0.06  14.0971567  PA3BCA JO21 13          0  0.27  1  1    0  1  36     1   810
260410 1150 -25  0.02  14.0971646  M0HWD IO91 13           0  0.21  1  1    0  1  29     1   810
260410 1150 -17 -0.19  14.0971755  DD3MS JN59 23           0  0.54  1  1    0  0   4     1   669
260410 1150 -23  0.41  14.0971867  1G6YDC JI17 40          0  0.25  2  1    8  0  25    93    15
260410 1150 -10  0.11  14.0971913  <PA7D> JO23VF 23        0  0.59  1  1    0  0   2     1   541
260410 1150 -22 -0.62  14.0971927  LX3KR JN39 10           0  0.24  2  1    0  1  38     1   810
260410 1150 -10 -0.02  14.0972024  ON4LUK JO11 23          0  0.68  1  1    0  0   1     1   528
260410 1152 -14  0.11  14.0969924  <G7SYO> IO90DR 27       0  0.18  3  1    0  0  17     1   300
260410 1152  -9  1.30  14.0969967  PD9FER JO22 23          0  0.18  3  4   16  1  31     1   810
260410 1152 -19  4.85  14.0970358  PA0DFN JO32 23          0  0.28  2  1    0  0  25     1   113
260410 1152  -5 -0.02  14.0970389  DJ8XD JO52 37           0  0.75  1  1    0  0   0     1   649
260410 1152 -19 -0.57  14.0970530  PA0GRU JO22 13          0  0.31  1  1    0  0  20     1   192
260410 1152 -17  2.07  14.0970610  PA3FEX JO32 23          0  0.25  1  1    0  0  21     1    34
260410 1152  -9 -0.19  14.0970694  DG8SF JN48 23           0  0.56  1  1    0  0   5     1   546
260410 1152 -19  0.28  14.0970714  ON2TSF JN29 20          0  0.33  2  1    0  0  12     1   410
260410 1152  -3  1.05  14.0970983  PA2W JO22 37            0  0.46  1  1    0  0   9     1   526
260410 1152 -14 -0.02  14.0970987  DK9ES JO31 23           0  0.22  3  1   -8  1  43     1   810
260410 1152  -9  0.07  14.0971004  G8NWC IO92 37           0  0.17  2  1    0  0  22     1   149
260410 1152 -14 -0.02  14.0971115  M6GLD JO02 23           0  0.31  1  1    0  0  10     1   383
260410 1152  -8  0.02  14.0971208  ON4WS JO20 27           0  0.53  1  1    0  0   6     1   525
260410 1152 -20  1.35  14.0971247  G1VNA IO70 23           1  0.15  2  1   -8  1  34     1   810
260410 1152 -14  0.11  14.0971446  SP3VSS JO82 23          0  0.17  3  4   -8  1  34     1   810
260410 1152 -16  2.41  14.0971523  2E0DLC IO93 23          1  0.43  1  1    0  0   8     1   473
260410 1152 -19 -0.36  14.0971583  DK3WM JO41 23           0  0.27  1  1    0  0  26    63     7
260410 1152 -25 -0.06  14.0971644  M0HWD IO91 13           0  0.19  1  1    0  0  23     7   129
260410 1152 -19 -0.27  14.0971758  <DD3MS> JN59KV 23       0  0.42  1  1    0  0   6     1   508
260410 1152 -16 -0.02  14.0971875  G6GN IO81 30            0  0.45  1  1    0  0   5     1   534
260410 1152 -17 -0.62  14.0971929  LX3KR JN39 10           0  0.38  1  1    0  0  12     1   428
260410_115600    14.096 Tx WSPR     0  0.0 1444 EA6AJT JM19 30
260410 1154 -24 -0.19  14.0970025  SP3VSS JO82 23          0  0.18  2  1    8  1  34     1   810
260410 1154 -17  0.24  14.0970099  OZ5ACI JO66 30          0  0.28  3  4   -8  1  36     1   810
260410 1154  -1  1.01  14.0970180  G8MCD IO91 23           0  0.74  1  1    0  0   0     1   637
260410 1154 -19 -0.66  14.0970506  PA0GRU JO22 13          0  0.28  1  1    0  1  37     1   810
260410 1154 -17 -0.66  14.0970535  G4HJE JO01 23           0  0.28  1  1    0  0  17     3   252
260410 1154 -22  0.37  14.0970565  DL3AAV JO52 23          0  0.19  1  1    0  0  23    37    67
260410 1154 -12  0.41  14.0970642  G4HSB IO94 23           0  0.40  1  1    0  0   4     1   547
260410 1154 -12 -0.23  14.0970696  <DG8SF> JN48XJ 23       0  0.52  1  1    0  0   5     1   515
260410 1154 -13  0.19  14.0970786  ON2TSF JN29 20          0  0.18  1  1    0  0  19     1   196
260410 1154 -12  5.02  14.0970814  <PB2GT> JO22RD 33       0  0.27  1  1    0  0  16     3   310
260410 1154 -16  0.02  14.0971019  M0WMG IO95 37           1  0.25  2  1    0  0  22   208    58
260410 1154  -5 -0.02  14.0971028  EA6FG JM19 23          -4  0.59  1  1    0  0   1     1   738
260410 1154 -14  1.18  14.0971184  PE1JXI JO20 10          0  0.28  1  1    0  0  17     3   247
260410 1154 -28  0.07  14.0971320  G6EJD IO81 20           0  0.16  2  1   -8  1  40     1   810
260410 1154 -16  5.83  14.0971469  PA0DFN JO32 23          0  0.18  1  1  -24  1  36     1   810
260410 1154 -10  2.50  14.0971525  2E0DLC IO93 23          0  0.17  2  1    0  0  26    46   -57
260410 1154   8 -0.19  14.0971568  IU0JJD JN61 23          0  0.59  1  1    0  0   0     1   690
260410 1154 -27  0.62  14.0971825  G4BKC IO92 13           0  0.19  2  1  -40  0  35   301  -163
260410 1154 -13 -0.49  14.0971932  LX3KR JN39 10           0  0.46  1  1    0  0  13     1   168
260410 1158 -21 -0.96  14.0969937  PE0FKO JO32 10          0  0.35  1  1    0  0  15     1   259
260410 1158 -24 -0.57  14.0970055  PA0GRU JO22 13          0  0.22  1  1    0  0  17     1   352
260410 1158  -8  1.01  14.0970179  G8MCD IO91 23           0  0.61  1  1    0  0   0     1   623
260410 1158 -24  0.62  14.0970234  G8XYQ JO02 23          -1  0.18  2  1    0  0  24     5   102
260410 1158  -9 -0.23  14.0970465  DK3TG JN58 23           0  0.67  1  1    0  0   0     1   708
260410 1158 -21  5.36  14.0970587  PA0DFN JO32 23          0  0.21  1  1    0  0  32     8     8
260410 1158 -27 -0.53  14.0970588  PA3EDR/G 10             0  0.15  2  1  -16  1  42     1   810
260410 1158 -17 -0.10  14.0970717  G8OSN JO01 23           0  0.19  3  1    0  1  34     1   810
260410 1158 -15  4.97  14.0970753  PD9FER JO22 23          0  0.33  1  1    0  0  19     2   220
260410 1158 -22  0.28  14.0970810  G3PMY IO90 23           0  0.14  2  1  -40  1  45     1   810
260410 1158 -17  0.28  14.0970824  MW0XMG IO81 23          0  0.22  1  1    0  0  22     1   111
260410 1158 -21  0.19  14.0971002  <G7SYO> IO90DR 27       0  0.22  3  2  -16  0  34   146  -126
260410 1158 -20  0.54  14.0971032  DC6ZK JO52 30          -1  0.23  1  1    0  0  31    19    -4
260410 1158 -13 -0.23  14.0971126  <PE1KFC> JO22FD 23      0  0.42  1  1    0  0   9     1   516
260410 1158 -11  0.54  14.0971183  PE1JXI JO20 10          0  0.33  1  1    0  0  16     1   328
260410 1158 -13  1.35  14.0971241  G1VNA IO70 23           0  0.19  1  1    0  0  11     2   448
260410 1158 -12  0.88  14.0971263  DG7NFX JN59 23          0  0.33  1  1    0  0  10     1   463
260410 1158 -14  0.28  14.0971353  ON2TSF JN29 20          0  0.16  2  1    0  1  38     1   810
260410 1158   3 -0.02  14.0971390  G0TCD IO91 37           0  0.71  1  1    0  0   0     1   701
260410 1158 -13  0.32  14.0971409  <PA0HV> JO21BU 23       0  0.14  3  1    8  0  24   152     1
260410 1158 -16  2.50  14.0971525  2E0DLC IO93 23          0  0.39  1  1    0  0   9     1   436
260410 1158 -23 -0.27  14.0971588  MI9PYZ IO65 23          0  0.20  1  1    0  0  22     2   264
260410 1158 -20 -0.10  14.0971643  M0HWD IO91 13           0  0.30  2  1    0  0  12     4   333
260410 1158 -11  0.15  14.0971684  PD1RE JO22 23           0  0.38  1  1    0  0   1     1   721
260410 1158 -19  0.28  14.0971696  <PA3AQR> JO20XW 20      0  0.36  2  1    0  0   9     1   364
260410 1158 -21  0.11  14.0971769  MM7BWK IO85 33          0  0.39  1  1    0  0   8     1   504
260410 1158 -14 -0.66  14.0971929  LX3KR JN39 10           0  0.33  1  1    0  0  11     1   458
260410 1158 -20  0.11  14.0971930  <DG1GHR> JN48AO 37      0  0.25  2  1    0  0  27     6   -10
260410 1200 -27  0.11  14.0970036  MW0XMG IO81 23          0  0.17  1  1    0  0  27     1    45
260410 1200 -20 -0.19  14.0970091  OE9MWI JN47 23          0  0.42  1  1    0  0   1     1   568
260410 1200 -24  0.11  14.0970179  G4GOC IO92 23           0  0.27  1  1    0  0  23     3   110
260410 1200 -11 -0.02  14.0970362  G6GN IO81 30            0  0.67  1  1    0  0   0     1   680
260410 1200 -16  0.02  14.0970469  DK7MI JN67 20           2  0.12  1  1    0  0  33   256   -82
260410 1200 -15 -0.02  14.0970507  DL1SAN JN48 20          0  0.33  1  1    0  0  12     1   374
260410 1200 -17 -0.70  14.0970534  G4HJE JO01 23           0  0.25  1  1    0  0  16     1   357
260410 1200  -9 -0.19  14.0970723  OE7AAI JN57 23          0  0.66  1  1    0  0   2     1   648
260410 1200 -21  0.28  14.0970831  F1RVC JN09 23           0  0.23  1  1    0  0  15     2   338
260410 1200 -18  0.07  14.0970886  PA3VDK JO21 10          0  0.25  2  1    0  1  34     1   810
260410 1200 -18  4.72  14.0970916  PD9FER JO22 23          0  0.16  2  1    0  1  36     1   810
260410 1200 -13  0.07  14.0970935  PA7D JO23 23            0  0.31  1  1    0  0   2     1   610
260410 1200 -14  0.11  14.0970974  ON2TSF JN29 20          0  0.33  2  1    8  1  37     1   810
260410 1200 -13  0.02  14.0971002  9H2RA JM75 23           0  0.44  2  1    0  0  15     2   371
260410 1200  -3 -0.02  14.0971024  EA6FG JM19 23          -3  0.62  1  1    0  0   0     1   802
260410 1200 -19  0.11  14.0971139  PG2A JO21 23            0  0.22  1  1    0  0  20     1   293
260410 1200 -11  1.35  14.0971184  PE1JXI JO20 10          0  0.42  1  1    0  0  23     2   199
260410 1200 -11 -0.06  14.0971296  ON4DM JO11 23           0  0.26  1  1    0  0   4     1   516
260410 1200 -11 -0.45  14.0971321  G2PLX JO02 20           0  0.33  1  1    0  0  11     2   380
260410 1200 -18  0.71  14.0971381  G8OSN JO01 23           0  0.26  1  1    0  0  25     2   138
260410 1200 -20 -0.62  14.0971552  PA0GRU JO22 13          0  0.24  1  1    0  0  25    52    37
260410 1200 -13 -0.74  14.0971931  LX3KR JN39 10           0  0.27  1  1    0  0  17     1   328
260410 1200 -13  0.37  14.0971961  G4HSB IO94 23           0  0.42  1  1    0  0   7     1   521
260410 1202 -21 -0.36  14.0969917  G6EJD IO81 20           0  0.32  1  1    0  0  35     2   -19
260410 1202 -22 -0.19  14.0970085  <OE9MWI> JN47TL 23      0  0.32  1  1    0  0   6     1   553
260410 1202 -10  1.01  14.0970182  G8MCD IO91 23           0  0.57  1  1    0  0   1     1   589
260410 1202 -23 -0.70  14.0970381  PA0GRU JO22 13          0  0.21  1  1    0  0  33     1    18
260410 1202 -14  4.76  14.0970477  PD9FER JO22 23          0  0.23  1  1    0  0  27    13    59
260410 1202 -21  5.53  14.0970483  IK4UXE JN54 23          0  0.27  2  1    0  0  20     3    57
260410 1202 -27  0.58  14.0970566  DL3AAV JO52 23          0  0.25  1  1    0  0  21    20    59
260410 1202 -25  0.07  14.0970885  PA3VDK JO21 10          0  0.17  2  1   -8  1  38     1   810
260410 1202 -13  0.07  14.0970937  <PA7D> JO23VF 23        0  0.52  1  1    0  0   4     1   546
260410 1202 -13  0.02  14.0970966  G7GYP IO82 27           0  0.31  1  1    0  0  31    10   -73
260410 1202 -10  0.66  14.0971013  OE3KFB JN78 37          0  0.54  1  1    0  0   5     1   557
260410 1202 -13 -0.06  14.0971156  M6GLD JO02 23           0  0.23  2  1    0  0  23     2    11
260410 1202 -11  1.01  14.0971186  PE1JXI JO20 10          0  0.19  2  1    0  1  33     1   810
260410 1202  -7 -0.02  14.0971209  ON4WS JO20 27           0  0.45  1  1    0  0   4     1   587
260410 1202 -16  1.77  14.0971290  G8OSN JO01 23           0  0.21  1  1    0  0  21    59    92
260410 1202 -13 -1.60  14.0971334  F5KDB JO10 23           0  0.30  1  1    0  0  19     1   156
260410 1202 -16  3.44  14.0971351  G0TTV JO02 23           0  0.18  1  1    0  0  30    77   -71
260410 1202 -22 -0.32  14.0971368  PA3BCA JO21 13          0  0.17  2  1    0  1  39     1   810
260410 1202 -23 -0.27  14.0971433  PA2PGU JO32 23          0  0.25  1  1    0  0  17     6   279
260410 1202 -19  0.19  14.0971507  ON2TSF JN29 20          0  0.45  1  1    0  0   1     1   660
260410 1202 -16  0.15  14.0971691  G7SYO IO90 27           0  0.45  1  1    0  0   3     1   478
260410 1202 -16  0.11  14.0971772  MM7BWK IO85 33          0  0.47  1  1    0  0  14     1   374
260410 1202  -8 -0.02  14.0971873  G6GN IO81 30            0  0.64  1  1    0  0   0     1   492
260410 1202 -13 -0.70  14.0971932  LX3KR JN39 10           0  0.38  1  1    0  0   5     1   478
260410 1202 -22 -0.15  14.0971962  DB2OM JO52 23           0  0.17  2  1    0  1  38     1   810
260410 1202  -8 -0.02  14.0972026  ON4LUK JO11 23          0  0.58  1  1    0  0   4     1   607
260410_120600    14.096 Tx WSPR     0  0.0 1444 EA6AJT JM19 30
260410 1204 -22  0.62  14.0969930  G8NQO IO81 20          -2  0.17  1  1    0  1  30     1   810
260410 1204 -22 -0.49  14.0969998  G6EJD IO81 20           0  0.25  1  1    0  0  27   362  -111
260410 1204 -28  5.49  14.0970016  IK4UXE JN54 23          0  0.18  2  1    0  1  38     1   810
260410 1204 -16 -0.19  14.0970222  G3PMY IO90 23           0  0.29  1  1    0  0  12     1   355
260410 1204 -19  4.55  14.0970360  PD9FER JO22 23          0  0.29  1  1    0  0  22     2   247
260410 1204 -10 -0.19  14.0970449  IU0JJD JN61 23          0  0.57  1  1    0  0  32   185     7
260410 1204 -13 -0.19  14.0970450  DG7FT JN58 23           0  0.29  2  1    0  1  33     1   810
260410 1204 -22  5.14  14.0970609  PA0DFN JO32 23          0  0.26  1  1    0  0  16     2   281
260410 1204 -19 -0.70  14.0970705  PA0GRU JO22 13          1  0.19  1  1    0  1  29     1   810
260410 1204  -2 -0.19  14.0970902  EB1A IN53 27            0  0.50  1  1    0  0   3     1   556
260410 1204 -16  0.02  14.0970976  DK9ES JO31 23           0  0.23  2  1    0  1  33     1   810
260410 1204  -8 -0.02  14.0971022  DK9WT JO30 23           0  0.55  1  1    0  0   3     1   551
260410 1204 -19  0.02  14.0971137  G3IUZ IO81 10           2  0.16  2  1    0  0  27    97    16
260410 1204 -12  0.62  14.0971188  PE1JXI JO20 10          0  0.33  1  1    0  0  19     3   200
260410 1204  -4 -0.06  14.0971265  DL1FX JN49 23           0  0.54  1  1    0  0   1     1   553
260410 1204 -17  2.33  14.0971393  G8OSN JO01 23           0  0.31  1  1    0  1  43     1   810
260410 1204 -19 -0.15  14.0971437  PC4T JO22 23            0  0.28  1  1    0  0  25     3   127
260410 1204 -19  0.19  14.0971693  <G7SYO> IO90DR 27       0  0.29  2  1    0  0  22     1   257
260410 1204 -13  0.28  14.0971708  ON2TSF JN29 20          0  0.16  1  1    0  0  13     1   399
260410 1204 -22  1.05  14.0971711  G7UJY IO93 23           0  0.19  3  2   -8  1  46     1   810
260410 1204 -17 -0.36  14.0971933  LX3KR JN39 10           0  0.37  1  1    0  0  12     1   376
260410_121000    14.096 Tx WSPR     0  0.0 1444 EA6AJT JM19 30
260410 1208 -25  0.02  14.0970074  GM0DHD IO85 27          0  0.32  1  1    0  0  16     1   322
260410 1208 -28  5.40  14.0970158  SQ9ANB JO90 23          0  0.20  1  1   40  0  31    76   -81
260410 1208 -17  0.07  14.0970224  PD1RE JO22 23           0  0.37  1  1    0  0   4     1   607
260410 1208 -27  4.21  14.0970269  G8OSN JO01 23           0  0.17  2  1    0  1  48     1   810
260410 1208 -20  0.15  14.0970307  G0TTV JO02 23           0  0.31  1  1    0  0  20     1   281
260410 1208 -26  0.28  14.0970429  F1RVC JN09 23           0  0.23  1  1    0  0  25     3    45
260410 1208 -15  0.24  14.0970518  M1EBU IO90 23           0  0.45  1  1    0  0   2     1   623
260410 1208 -24 -0.36  14.0970559  PA3BCA JO21 13          0  0.15  1  1    0  1  36     1   810
260410 1208 -10  0.02  14.0970706  PE1ORF JO32 37          0  0.69  1  1    0  0   2     1   502
260410 1208 -24  0.62  14.0970808  G0EKQ IO83 37           1  0.26  1  1    0  0  16     1   310
260410 1208 -19  6.42  14.0970909  GI3VAF IO74 37         -1  0.29  1  1    0  0   9     1   406
260410 1208  -6  0.24  14.0970988  F4LPJ JN18 27           0  0.60  1  1    0  0   0     1   763
260410 1208 -15 -0.02  14.0971002  DF7PE JN48 23          -2  0.36  2  1    0  0   9     1   368
260410 1208 -11  0.11  14.0971060  G7SYO IO90 27           0  0.25  1  1    0  0   9     1   434
260410 1208 -11 -0.27  14.0971105  DK3TG JN58 23           0  0.52  1  1    0  0   1     1   652
260410 1208 -17  0.83  14.0971183  PE1JXI JO20 10          0  0.17  1  1    0  0  20     3   162
260410 1208 -17  0.15  14.0971216  DK7MI JN67 20           0  0.25  1  1    0  1  31     1   810
260410 1208 -23 -0.53  14.0971319  G2PLX JO02 20           0  0.13  2  1    8  1  42     1   810
260410 1208 -19  0.15  14.0971335  ON2TSF JN29 20          0  0.31  1  1    0  0  15     1   311
260410 1208  -9 -0.23  14.0971584  <...> JN47TL 23        -1  0.50  1  1    0  0  59     1    76
260410 1208 -14 -0.23  14.0971635  CS5TRG IN50 23          0  0.32  1  1    0  0  12     1   424
260410 1208 -16 -0.32  14.0971928  LX3KR JN39 10           0  0.39  1  1    0  0  11     1   394
260410_121400    14.096 Tx WSPR     0  0.0 1444 EA6AJT JM19 30
260410 1212  -6 -3.94  14.0970007  CT1DJG IN61 23          0  0.54  1  1    0  0   5     1   386
260410 1212 -10  0.19  14.0970096  OZ5ACI JO66 30          0  0.22  3  3   -8  1  27     1   810
260410 1212 -12  0.19  14.0970132  ON4LAO JO10 23          0  0.35  1  1  -16  1  35     1   810
260410 1212 -24  0.28  14.0970233  ON2TSF JN29 20          0  0.26  1  1    0  0  13     1   288
260410 1212 -24  5.40  14.0970354  PA0DFN JO32 23          0  0.24  1  1    0  0  29     2    36
260410 1212 -24 -0.66  14.0970393  MW0XMG IO81 23          0  0.20  1  1    0  1  30     1   810
260410 1212 -23  0.02  14.0970500  DL1SAN JN48 20          0  0.30  1  1    0  0  14     1   379
260410 1212 -19 -0.23  14.0970601  PC4T JO22 23            0  0.30  1  1    0  1  34     1   810
260410 1212 -22  0.28  14.0970649  F1RVC JN09 23           0  0.20  2  1    0  1  35     1   810
260410 1212 -20  0.37  14.0970670  G3PMY IO90 23           0  0.18  1  1    0  1  33     1   810
260410 1212 -19  5.66  14.0970746  G8OSN JO01 23           0  0.30  2  1    0  0  23    19   174
260410 1212 -12 -0.27  14.0970790  OE7AAI JN57 23          0  0.38  1  1    0  0   9     1   470
260410 1212 -16  4.97  14.0970813  PB2GT JO22 33           0  0.18  2  1    0  0  29     3    50
260410 1212 -16 -0.74  14.0970884  PA0GRU JO22 13          1  0.19  1  1    0  1  34     1   810
260410 1212  -3 -0.06  14.0971026  EA6FG JM19 23          -3  0.59  1  1    0  0   0     1   780
260410 1212 -20 -1.21  14.0971084  M1TZR IO83 23           0  0.25  2  1    0  0  15    36   161
260410 1212 -13  1.35  14.0971184  PE1JXI JO20 10          0  0.18  2  1    0  1  43     1   810
260410 1212  -0  0.02  14.0971200  ON4WS JO20 27           1  0.45  1  1    0  0  26     1   111
260410 1212   1  0.07  14.0971229  DC1SAF JN48 33          1  0.60  1  1    0  0   2     1   539
260410 1212 -15 -0.27  14.0971266  <DD3MS> JN59KV 23       0  0.20  2  1   24  0  38   299  -107
260410 1212 -20  0.28  14.0971377  PA3AQR JO20 20          0  0.21  1  1    0  0  19     1   311
260410 1212 -14 -0.06  14.0971447  HB9AFZ JN46 37          1  0.31  1  1    0  0  19     4    62
260410 1212 -16  0.41  14.0971488  G4HSB IO94 23           0  0.36  3  1    0  0  20     1   187
260410 1212 -12  2.41  14.0971522  2E0DLC IO93 23          0  0.40  2  1    0  0  17     2   223
260410 1212  -3 -0.23  14.0971530  DG8SF JN48 23           0  0.50  1  1    0  0   7     1   385
260410 1212 -12  0.07  14.0971630  PA7D JO23 23            0  0.50  1  1    0  0   0     1   609
260410 1212 -22  0.07  14.0971770  MM7BWK IO85 33          0  0.30  1  1    0  0  13     2   318
260410 1212 -11 -0.06  14.0971868  G6GN IO81 30            0  0.63  1  1    0  0   3     1   531
260410 1212 -17 -0.23  14.0971930  LX3KR JN39 10           0  0.28  1  1    0  0  30    28     2
260410 1212 -20 -0.23  14.0971960  M6GLD JO02 23           0  0.35  1  1    0  1  38     1   810
260410_153000    14.096 Tx WSPR     0  0.0 1444 EA6AJT JM19 30
260410_153200    14.096 Tx WSPR     0  0.0 1444 EA6AJT JM19 30
260410 1534 -25 -0.96  14.0969934  PE0FKO JO32 10          0  0.15  2  1   -8  1  37     1   810
260410 1534 -14  0.62  14.0969945  NO0CAL JO20 23          0  0.51  1  1    0  0   1     1   673
260410 1534 -21  5.57  14.0970075  SQ9ANB JO90 23          0  0.17  2  1    8  1  40     1   810
260410 1534  -6 -0.23  14.0970129  <DG8SF> JN48XJ 23       0  0.45  1  1    0  0   0     1   697
260410 1534  -5  1.05  14.0970174  G8MCD IO91 23           0  0.60  1  1    0  0  12     1   387
260410 1534 -15  0.19  14.0970247  G8OSN JO01 23           0  0.46  1  1    0  0   6     1   566
260410 1534 -12  0.02  14.0970520  G3LRS IO92 23           0  0.55  1  1    0  1  36     1   810
260410 1534 -17  0.02  14.0970522  PH9K JO33 27            0  0.30  2  1    0  0  36   223  -152
260410 1534 -19  0.02  14.0970550  <...> IO91KG 23         0  0.25  2  1   40  0  61   274  -119
260410 1534 -19 -0.53  14.0970600  G6EJD IO81 20           0  0.27  1  1    0  0  19     3   175
260410 1534 -17 -0.06  14.0970676  G4LRP IO91 30           0  0.24  1  1    0  0  27   119   -60
260410 1534 -21  5.44  14.0970676  SM7WDL JO76 23          0  0.25  2  1    8  1  44     1   810
260410 1534 -22  0.19  14.0970752  EI8KG IO63 23           0  0.24  1  1  -64  1  40     1   810
260410 1534 -18  0.19  14.0970782  M0OLS IO81 23           0  0.12  3  3  -24  1  41     1   810
260410 1534 -10  0.07  14.0970838  M9TEE IO84 37           0  0.35  1  1    0  0  26     7    85
260410 1534 -11  0.02  14.0970866  <G7SYO> IO90DR 27       0  0.27  1  1    0  0  26     4    43
260410 1534  -9  0.24  14.0970932  M0OCM IO82 37           0  0.44  1  1    0  0   5     1   548
260410 1534 -10 -0.06  14.0971008  HA6QL JN97 33           0  0.33  1  1    0  0  21    11   153
260410 1534 -11  0.45  14.0971031  DC6ZK JO52 30          -1  0.21  1  1    0  1  27     1   810
260410 1534  -7 -0.10  14.0971133  M0NVQ IO83 33           0  0.31  1  1    0  0   6     1   476
260410 1534  -7  0.83  14.0971156  PE1JXI JO20 10          0  0.25  1  1    0  1  41     1   810
260410 1534  -1  0.11  14.0971228  DC1SAF JN48 33          0  0.66  1  1    0  0   0     1   755
260410 1534 -15  0.19  14.0971301  ON2TSF JN29 20          0  0.31  1  1    0  0   7     1   541
260410 1534 -15  0.19  14.0971387  SP3VSS JO82 23          0  0.47  1  1    0  0   3     1   537
260410 1534 -14 -0.02  14.0971502  G4GVZ IO81 33           0  0.29  1  1    0  0   5     1   515
260410 1534 -14  2.41  14.0971520  2E0DLC IO93 23          0  0.27  1  1    0  0  30     3   -41
260410 1534  -8 -2.45  14.0971684  F5KDB JO10 23           0  0.56  1  1    0  0   0     1   650
260410 1534 -23 -0.15  14.0971770  GM4HAM IO85 23          0  0.19  1  1  -16  0  34   377  -108
260410 1534 -13  0.02  14.0971923  LX3KR JN39 10           0  0.65  1  1    0  0   2     1   588
260410 1534 -33  1.01  14.0972016  PD2AM JO21 23           0  0.29  2  1    0  0   8     1   445
260410_153800    14.096 Tx WSPR     0  0.0 1444 EA6AJT JM19 30
260410 1536 -18  0.37  14.0970023  HG7RED JN97 23          0  0.26  2  1    0  0  25    20    -2
260410 1536 -23 -0.10  14.0970050  MI9PYZ IO65 23          0  0.24  3  1    0  1  33     1   810
260410 1536  -9  0.37  14.0970074  G4HSB IO94 23           0  0.56  1  1    0  0   1     1   558
260410 1536 -19  0.02  14.0970202  PD9FER JO22 23          0  0.25  1  1    0  0  18     2   208
260410 1536  -8  0.88  14.0970326  NO0CAL JO20 23          0  0.56  1  1    0  0   8     1   348
260410 1536 -11  0.02  14.0970404  SP3VSS JO82 23         -1  0.14  1  1    0  1  41     1   810
260410 1536 -15  0.02  14.0970420  G4GOC IO92 23           0  0.14  3  2   40  1  36     1   810
260410 1536  -6  0.19  14.0970471  DL1SAN JN48 20          0  0.20  3  3    0  1  29     1   810
260410 1536 -10  6.00  14.0970598  PA3GDY JO21 23          0  0.25  1  1    0  0  11     1   275
260410 1536 -13 -0.06  14.0970652  PE1KFC JO22 23          0  0.20  2  1    0  0  30    32   -43
260410 1536  -0  0.11  14.0970658  PA7D JO23 23            0  0.60  1  1    0  0   3     1   566
260410 1536 -14  0.41  14.0970893  DK7MI JN67 20           0  0.32  1  1    0  0  10     1   459
260410 1536   2  0.88  14.0970991  OE3KFB JN78 37          0  0.39  1  1    0  0   6     1   573
260410 1536   2  0.15  14.0971032  M0AFZ JO01 37           0  0.43  1  1    0  0   8     1   464
260410 1536  -9  0.11  14.0971068  G0DIH IO80 33           0  0.24  2  1    0  0  25    12    50
260410 1536 -10  0.75  14.0971156  PE1JXI JO20 10          0  0.25  1  1    0  0  25     2    74
260410 1536  -8  1.94  14.0971271  DL6NL JO50 33           0  0.65  1  1    0  0   2     1   575
260410 1536  -8  0.19  14.0971518  PI9ESA JO22 27          0  0.31  1  1    0  0  24     5   104
260410 1536 -13  2.67  14.0971520  2E0DLC IO93 23          0  0.21  2  1    0  0  27    30     5
260410 1536 -16  0.37  14.0971543  PA0HV JO21 23           0  0.16  3  2    0  1  42     1   810
260410 1536  -3  0.07  14.0971594  DG1DBX JO31 33          0  0.66  1  1    0  0   0     1   675
260410 1536 -16 -0.62  14.0971638  G6EJD IO81 20           0  0.23  1  1    0  1  37     1   810
260410 1536  -9 -0.62  14.0971924  LX3KR JN39 10           0  0.55  1  1    0  0   4     1   510
260410_154200    14.096 Tx WSPR     0  0.0 1444 EA6AJT JM19 30
260410 1540 -26 -0.87  14.0969933  PE0FKO JO32 10          0  0.13  3  3  -16  1  34     1   810
260410 1540 -22 -0.06  14.0969965  G8OSN JO01 23           0  0.34  1  1    0  0  13     1   400
260410 1540 -15  0.19  14.0970073  <G7SYO> IO90DR 27       0  0.52  1  1    0  0   2     1   578
260410 1540 -22  0.92  14.0970184  OH8RO KP25 23           0  0.31  1  1    0  0  23     5    54
260410 1540 -19 -0.06  14.0970324  SA7CND JO76 20          0  0.21  2  1    0  1  38     1   810
260410 1540  -6  0.07  14.0970339  DJ8XD JO52 37           0  0.65  1  1    0  0   1     1   633
260410 1540 -11  0.07  14.0970369  G6GN IO81 30            0  0.58  1  1    0  0  23    12   134
260410 1540 -18 -0.19  14.0970407  MW0XMG IO81 23          0  0.16  1  1   -8  1  35     1   810
260410 1540 -19  0.11  14.0970517  SP3VSS JO82 23          0  0.29  1  1    0  0  21     8   116
260410 1540 -24  0.62  14.0970553  DL3AAV JO52 23          0  0.17  2  1    0  1  38     1   810
260410 1540 -19 -0.32  14.0970611  PD9FER JO22 23          0  0.15  2  1    0  1  40     1   810
260410 1540 -16  5.66  14.0970639  PA3GDY JO21 23          0  0.25  1  1    0  0  22     1   144
260410 1540  -0  0.19  14.0970727  PB8DX JO21 30          -1  0.74  1  1    0  0   0     1   769
260410 1540 -12  0.62  14.0970806  OE7GMT JN57 30         -4  0.18  1  1    0  1  34     1   810
260410 1540 -12  0.11  14.0970840  M9TEE IO84 37           0  0.29  2  1    0  0  12     1   449
260410 1540  -5 -0.10  14.0970881  DG7FT JN58 23           0  0.44  1  1    0  0   8     1   548
260410 1540 -13  0.11  14.0970980  DK9ES JO31 23           0  0.37  1  1    0  1  44     1   810
260410 1540 -11  0.07  14.0971009  9H2RA JM75 23           0  0.45  1  1    0  0  14     1   298
260410 1540 -14  0.19  14.0971079  M7KYK IO83 37           0  0.47  1  1    0  0   1     1   645
260410 1540 -16  0.19  14.0971118  PG2A JO21 23            0  0.16  2  1  -16  1  36     1   810
260410 1540 -11  1.18  14.0971154  PE1JXI JO20 10          0  0.32  1  1    0  0  15     1   307
260410 1540 -10  1.01  14.0971260  DG7NFX JN59 23          0  0.24  3  2    0  1  29     1   810
260410 1540 -13  0.11  14.0971288  ON4DM JO11 23           0  0.37  1  1    0  0  25     5    81
260410 1540 -16 -0.10  14.0971382  G3PMY IO90 23           0  0.18  1  1    0  1  28     1   810
260410 1540  -4 -0.10  14.0971440  DK3TG JN58 23           0  0.57  1  1    0  0   1     1   665
260410 1540 -10  0.66  14.0971477  NO0CAL JO20 23          0  0.30  2  1    0  0  26     3   128
260410 1540 -16  0.24  14.0971484  ON2TSF JN29 20          0  0.17  3  1   -8  1  32     1   810
260410 1540 -18 -0.10  14.0971532  PC4T JO22 23            0  0.29  1  1    0  0  25     2   124
260410 1540 -21 -0.45  14.0971687  LY3AZ KO25 23           0  0.24  1  1    0  0  23    17   114
260410 1540 -24  0.54  14.0971704  F1RVC JN09 23           0  0.21  2  1    0  1  33     1   810
260410 1540 -15 -0.62  14.0971924  LX3KR JN39 10           0  0.48  1  1    0  0   4     1   535
260410 1540 -20  0.37  14.0971982  PA3AQR JO20 20          0  0.35  1  1    0  0  10     1   482
260410 1540 -26 -0.27  14.0972019  9A3ZI JN86 10           0  0.24  1  1    0  0  17     1   278
260410 1544 -25 -0.15  14.0969958  DD4DE JO54 23           0  0.32  1  1    0  0  15     1   356
260410 1544  -9 -0.32  14.0970099  SP3VSS JO82 23          0  0.27  1  1  -16  1  35     1   810
260410 1544 -23  0.02  14.0970179  G0NFY IO93 20           0  0.15  3  2   24  0  18    24    91
260410 1544 -11  0.07  14.0970510  PH9K JO33 27            0  0.20  3  1    0  1  36     1   810
260410 1544  -7  5.36  14.0970528  PA3GDY JO21 23          0  0.39  1  1    0  0  16     1   307
260410 1544 -11  0.37  14.0970590  DB1SN JN48 23           0  0.28  2  1    0  0  31    80  -105
260410 1544  -7  0.41  14.0970614  M1EBU IO90 23           0  0.48  1  1    0  0  16     3   201
260410 1544 -19  0.41  14.0970673  F1RVC JN09 23           0  0.18  2  1    0  1  25     1   810
260410 1544 -13 -0.32  14.0970714  G8OSN JO01 23           0  0.35  1  1    0  0  15     1   337
260410 1544 -16  0.32  14.0970750  MW0XMG IO81 23          0  0.25  1  1    0  0  20     2   236
260410 1544  -6  0.75  14.0970965  NO0CAL JO20 23          0  0.18  1  1    0  0  17     2   209
260410 1544  -4  0.07  14.0971005  DF7PE JN48 23          -3  0.26  1  1   24  1  31     1   810
260410 1544  -2  0.07  14.0971016  DK9WT JO30 23           0  0.47  1  1    0  0   5     1   525
260410 1544 -11  0.41  14.0971087  <G7KNK> IO91PH 23       0  0.33  2  1    0  0   6     1   487
260410 1544  -4  0.02  14.0971133  M0NVQ IO83 33           0  0.48  1  1    0  0   7     1   537
260410 1544  -8  0.28  14.0971171  G4MSN IO93 30           1  0.25  2  1    0  0  16     1   250
260410 1544 -10  0.28  14.0971283  DK7MI JN67 20           0  0.23  1  1    0  0  29    54     9
260410 1544  -9  0.11  14.0971390  G3JKF JO00 33           0  0.55  1  1    0  0   4     1   566
260410 1544 -16  3.91  14.0971425  SM7WDL JO76 23          0  0.24  2  1    0  0  32     2   -19
260410 1544 -17  5.40  14.0971445  PA0DFN JO32 23          0  0.24  1  1    0  0  24     2   122
260410 1544 -19  2.58  14.0971519  2E0DLC IO93 23          0  0.29  2  1    0  0  19     1   283
260410 1544 -17  0.11  14.0971532  DG9OBN JO30 23          0  0.22  1  1    0  0  29     1    36
260410 1544 -23  0.11  14.0971636  RA9DF MO07 37           0  0.30  1  1    0  0  20     1   153
260410 1544 -17  0.32  14.0971706  G1MEI IO91 23           0  0.25  1  1    0  1  26     1   810
260410 1544 -20 -0.23  14.0971714  PA2PGU JO32 23          0  0.22  2  1    0  0  24     1   180
260410 1544 -20  0.19  14.0971767  MM7BWK IO85 33          0  0.38  1  1    0  0  12     1   447
260410 1544 -23  0.66  14.0971808  G4BKC IO92 13           0  0.20  3  4  -56  1  30     1   810
260410 1544 -14 -0.15  14.0971870  MI9PYZ IO65 23          0  0.37  1  1    0  0   7     1   581
260410 1544 -15  0.24  14.0971911  ON2TSF JN29 20          0  0.36  2  1    0  0  17     3   223
260410 1544 -12 -0.66  14.0971924  LX3KR JN39 10           0  0.29  1  1    0  0  32    39    -6
260410_154800    14.096 Tx WSPR     0  0.0 1444 EA6AJT JM19 30
260410 1546   1  0.07  14.0970174  G8MCD IO91 23           0  0.62  1  1    0  0   0     1   700
260410 1546  -9  0.15  14.0970294  <G7SYO> IO90DR 27       0  0.22  1  1    0  0  13    12   242
260410 1546 -11  2.93  14.0970348  SM7WDL JO76 23          0  0.19  3  4  -40  1  36     1   810
260410 1546 -13 -0.45  14.0970363  G3PMY IO90 23           0  0.19  3  1    0  1  40     1   810
260410 1546 -13  5.14  14.0970367  PA0DFN JO32 23          0  0.21  1  1   40  1  36     1   810
260410 1546  -8  0.66  14.0970497  NO0CAL JO20 23          0  0.17  1  1    0  0  17     1   344
260410 1546 -11  0.49  14.0970512  PD9FER JO22 23          0  0.29  2  1    0  0  22     2   157
260410 1546  -8 -0.15  14.0970576  DB2OM JO52 23           0  0.57  1  1    0  0   1     1   669
260410 1546 -16  0.41  14.0970666  ON5AJ JO11 23           0  0.42  1  1    0  0   6     1   522
260410 1546 -17  0.19  14.0970733  ON2TSF JN29 20          0  0.46  1  1    0  0   0     1   710
260410 1546 -10  0.28  14.0970844  M9TEE IO84 37           0  0.32  1  1    0  0  14    25   149
260410 1546 -12 -0.06  14.0970895  LA4PGA JP50 23          0  0.24  2  1    0  0  23     2   152
260410 1546 -10  0.32  14.0970935  M0OCM IO82 37           0  0.28  1  1    0  0   9     1   404
260410 1546  -7  0.15  14.0971002  DM5CS JO30 20           0  0.42  1  1    0  0   3     1   532
260410 1546 -14  1.22  14.0971022  TA4/G8SCU 37            0  0.21  3  1    0  1  40     1   810
260410 1546  -8  1.22  14.0971155  PE1JXI JO20 10          0  0.33  1  1    0  0  21     1   236
260410 1546 -13 -0.45  14.0971176  G8OSN JO01 23           0  0.22  3  1    0  1  30     1   810
260410 1546 -20 -0.10  14.0971361  G6EJD IO81 20           0  0.28  1  1    0  0  13     1   391
260410 1546 -25 -0.10  14.0971423  OH6CR KP12 23           0  0.16  1  1    0  1  42     1   810
260410 1546 -13 -0.32  14.0971500  SP3VSS JO82 23          0  0.28  1  1    0  0  12     1   238
260410 1546 -13  0.11  14.0971525  PI9ESA JO22 27          0  0.36  1  1    0  0  19    28     1
260410 1546 -30  0.28  14.0971610  SM6YPE JO67 23          0  0.22  1  1    0  0  24    43    88
260410 1546 -21  0.24  14.0971708  <...> IO91KG 23         0  0.37  1  1    0  0  47     1   225
260410 1546 -30  0.49  14.0971810  QJ9FGO KA55 47          0  0.25  2  1    0  0  18    11   130
260410 1546 -19  0.11  14.0971874  DG9OBN JO30 23          0  0.24  1  1    0  0  12     1   381
260410 1546 -13 -0.62  14.0971926  LX3KR JN39 10           0  0.47  1  1    0  0   4     1   548
260410_154834    28.125 Tx WSPR     0  0.0 1444 EA6AJT JM19 30
260410_155200    28.125 Tx WSPR     0  0.0 1444 EA6AJT JM19 30
260410 1554  27 -0.15  28.1261272  <EA6EE> JM19HN 23       0  0.65  1  1    0  0   0     1   786
260410_155800    28.125 Tx WSPR     0  0.0 1444 EA6AJT JM19 30
260410 1600  27 -0.06  28.1261583  EA6EE JM19 23           1  0.61  1  1    0  0   0     1   797
260410 1602  27 -0.10  28.1261586  <EA6EE> JM19HN 23       0  0.60  1  1    0  0   0     1   772
260410_160400    28.125 Tx WSPR     0  0.0 1444 EA6AJT JM19 30
260410 1606 -11 -0.15  21.0960059  GM7FIE IO85 23          1  0.20  1  1    0  0   9     1   474
260410 1606  -5 -0.15  21.0960122  GM0PXV IO85 23          0  0.33  1  1    0  0   0     1   750
260410 1606  24 -0.10  21.0960442  EA6AJ JM19 23           0  0.72  1  1    0  0   0     1   801
260410 1606 -13  0.37  21.0960641  EU7FBB KO43 17         -1  0.22  1  1   -8  1  23     1   810
260410 1606  -7 -0.10  21.0961377  DL7ATA JO62 23          0  0.53  1  1    0  0   0     1   449
260410 1608  -7 -0.15  21.0960125  <GM0PXV> IO85IW 23      0  0.35  1  1    0  0   0     1   768
260410 1608  22 -0.15  21.0960446  <EA6AJ> JM19HN 23       0  0.73  1  1    0  0   0     1   810
260410 1608 -19  0.37  21.0960905  SG7SUN/B 27             0  0.20  1  1    0  0  30    14   -30
260410 1608   8  1.26  21.0961040  DL4XU JO53 33           0  0.76  1  1    0  0   0     1   589
260410 1608  -7 -0.06  21.0961392  GM4DTH IO85 23          0  0.53  1  1    0  0   0     1   783
260410 1608 -26 -0.19  21.0961632  MM6VTS IO87 23          0  0.15  1  1    0  0  25     3    81
260410 1608 -16 -0.15  21.0961914  GM8HHC IO85 23          0  0.25  1  1    0  0   1     1   548
260410 1608  -7 -0.10  21.0962011  GM3RQQ IO75 37          0  0.39  1  1    0  0   1     1   515
260410 1610 -20  0.32  21.0960903  <SG7SUN/B> JO76OU 27    0  0.27  1  1    0  0  21     2   168
260410 1610   1  0.96  21.0961063  OK2SAM JN99 30          0  0.72  1  1    0  0   2     1   616
260410 1610 -10 -0.23  21.0961396  <GM4DTH> IO85JW 23      0  0.51  1  1    0  0   0     1   706
260410 1612 -14 -0.06  21.0959924  DL7ATA JO62 23          0  0.53  1  1    0  0   3     1   559
260410 1612 -14 -0.10  21.0960143  G7KIA IO93 23           0  0.47  1  1    0  0   1     1   566
260410 1612   1 -0.53  21.0961083  DL1DUZ JO61 30          0  0.74  1  1    0  0   0     1   692
260410 1612 -17  0.24  21.0961227  DL6AAS JO52 10         -1  0.27  1  1    0  0  24     3   104
260411_081253    14.096 Tx WSPR     0  0.0 1444 EA6AJT JM19 30
260411_081400    14.096 Tx WSPR     0  0.0 1444 EA6AJT JM19 30
260411 0816 -15  0.11  14.0970248  R2BIY KO85 37           0  0.50  1  1    0  0   8     1   410
260411 0816 -22  0.11  14.0970305  DJ8XD JO52 37           0  0.29  1  1    0  0  10     1   456
260411 0816 -16  5.27  14.0970822  SM7WDL JO76 23          0  0.36  1  1    0  0  21     8   248
260411 0816 -26  0.11  14.0970961  DK9ES JO31 23           0  0.19  3  2   -8  1  37     1   810
260411 0816 -21  0.19  14.0970978  YO6DN KN26 23           0  0.15  1  1    0  0  31    91   -47
260411 0816 -21  1.94  14.0971247  DL6NL JO50 33           0  0.39  1  1    0  0   7     1   410
260411 0816 -24  2.54  14.0971516  2E0DLC IO93 23          0  0.13  3  3    0  1  45     1   810
260411_081800    14.096 Tx WSPR     0  0.0 1444 EA6AJT JM19 30
260411_082200    14.096 Tx WSPR     0  0.0 1444 EA6AJT JM19 30
260411 0820 -29 -0.06  14.0969923  PC4T JO22 23            0  0.16  1  1    0  1  30     1   810
260411 0820 -25 -0.10  14.0969997  PA2PGU JO32 23          0  0.24  1  1    0  0  14     2   415
260411 0820 -21  1.05  14.0970183  OH8RO KP25 23           0  0.20  1  1    0  1  32     1   810
260411 0820 -15  5.10  14.0970243  SM7WDL JO76 23          0  0.44  1  1    0  0   5     1   559
260411 0820 -22  0.19  14.0970305  <DG1GHR> JN48AO 37      0  0.16  3  2    0  0  30    88  -110
260411 0820 -22  0.02  14.0970482  OH6CR KP12 23           0  0.25  1  1    0  0  26   194     0
260411 0820 -18  0.71  14.0970595  DL3AAV JO52 23          0  0.29  1  1    0  0  12     1   374
260411 0820  -6 -0.87  14.0970722  LY3AZ KO25 23           0  0.52  1  1    0  0   3     1   575
260411 0820  -7  0.37  14.0971004  YO6FNF KN25 20         -3  0.15  1  1  -24  0  33   117  -149
260411 0820  -5 -0.36  14.0971023  DL1WER JN58 37          0  0.42  1  1    0  0   6     1   487
260411 0820 -14 -0.15  14.0971082  M7KYK IO83 37           0  0.38  1  1    0  0   0     1   712
260411 0820  -7  0.19  14.0971224  DC1SAF JN48 33          0  0.61  1  1    0  0   3     1   459
260411 0820 -22  1.09  14.0971255  DG7NFX JN59 23          0  0.21  3  2    0  1  43     1   810
260411 0820 -21  0.11  14.0971281  ON4DM JO11 23           0  0.17  2  1   16  1  42     1   810
260411 0820 -19  0.19  14.0971383  G0TCD IO91 37           0  0.27  1  1    0  0  33   121   -26
260411 0820 -18  1.65  14.0971464  PE1JXI JO20 10          1  0.17  1  1    0  1  40     1   810
260411 0820 -21  2.63  14.0971515  2E0DLC IO93 23          0  0.23  1  1    0  0  21     4   149
260411 0820 -24  0.07  14.0971595  DG1DBX JO31 33          0  0.16  1  1    0  1  37     1   810
260411 0820 -24 -0.06  14.0971633  RL3DF KO95 10          -1  0.18  1  1    0  1  32     1   810
260411 0824 -25  0.32  14.0970255  G4HSB IO94 23           0  0.28  1  1    0  0  22     1   199
260411 0824 -21  0.07  14.0970334  DJ8XD JO52 37           0  0.33  1  1    0  0   5     1   604
260411 0824 -20  0.62  14.0970467  PD9FER JO22 23          0  0.26  1  1    0  0  22     1   293
260411 0824 -23  0.07  14.0970519  PH9K JO33 27            0  0.20  3  1   16  1  39     1   810
260411 0824 -23  0.11  14.0970551  DL1SAN JN48 20          0  0.24  3  2    0  1  32     1   810
260411 0824 -23  0.11  14.0970617  101AEM CP80 27          0  0.18  1  1    0  0  27     4    95
260411 0824 -23  0.28  14.0970665  E79Q JN83 23            0  0.15  1  1    0  0  28   271   -82
260411 0824 -12  1.05  14.0971009  OE3KFB JN78 37          0  0.40  1  1    0  0   9     1   398
260411 0824 -21  0.07  14.0971018  DK9WT JO30 23           0  0.27  2  1    0  0  20     3    90
260411 0824 -12  0.15  14.0971326  PA7D JO23 23            0  0.59  1  1    0  0   0     1   769
260411 0824 -22  0.11  14.0971580  G4EUR IO92 37          -1  0.20  1  1    0  0  26     1    70
260411 0824 -19  0.07  14.0971634  RL3DF KO95 10          -1  0.27  1  1    0  0  11     1   370
260411 0824 -25  0.11  14.0971900  HK4LRM FJ26 23          0  0.25  1  1    0  0  21     1   144
260411 0826 -22  5.87  14.0969924  SM7WDL JO76 23          0  0.27  1  1    0  0  20     1   219
260411 0826 -16  0.41  14.0969998  PD9FER JO22 23          0  0.44  1  1    0  0   5     1   583
260411 0826 -15  0.07  14.0970172  G8MCD IO91 23           0  0.56  1  1    0  0   6     1   464
260411 0826 -13 -0.06  14.0970407  SR8RJS KN09 23          0  0.48  1  1    0  0  22     1   -50
260411 0826 -21  0.28  14.0970623  101AEO AA24 53          0  0.22  1  1    0  0  26    27    -5
260411 0826  -7 -0.06  14.0970899  SA0ORR JO89 23          0  0.66  1  1    0  0   1     1   483
260411 0826 -21  2.50  14.0970949  DL4XU JO53 30           0  0.22  2  1    0  0  29    11    11
260411 0826 -20  0.66  14.0971009  SM3ESX JP82 20         -1  0.29  2  1    0  1  31     1   810
260411 0826 -17  0.75  14.0971029  DC6ZK JO52 30          -2  0.29  1  1    0  1  23     1   810
260411 0826 -21 -0.19  14.0971118  PA2PGU JO32 23          0  0.31  1  1    0  0  18     1   278
260411 0826 -13  0.11  14.0971328  <PA7D> JO23VF 23        0  0.61  1  1    0  0   0     1   767
260411 0826 -22  1.18  14.0971477  PE1JXI JO20 10          2  0.21  1  1    0  0  28   238   -82
260411 0826 -23  0.02  14.0971518  PI9ESA JO22 27          0  0.24  1  1    0  0  35    34  -110
260411 0826 -21  0.15  14.0971586  G4EUR IO92 37           0  0.30  1  1    0  0  29    12     5
260411_082800    14.096 Tx WSPR     0  0.0 1444 EA6AJT JM19 30
260411_083200    14.096 Tx WSPR     0  0.0 1444 EA6AJT JM19 30
260411 0830 -14  1.13  14.0970173  G8MCD IO91 23           0  0.22  1  1    0  0  15     1   277
260411 0830 -18  1.09  14.0970186  OH8RO KP25 23           0  0.21  3  4   -8  1  33     1   810
260411 0830 -18 -0.02  14.0970381  DD3MS JN59 23           0  0.43  1  1    0  0  11     1   380
260411 0830 -14  0.19  14.0970544  OH5GES KP30 27          0  0.48  1  1    0  0   7     1   427
260411 0830 -21 -0.19  14.0970624  KC3LBR JM89 10          0  0.23  1  1    0  0  14     1   358
260411 0830 -19  0.11  14.0970885  PA5BU JO22 37           0  0.35  1  1    0  0   5     1   579
260411 0830 -11  0.07  14.0970943  SM4HVP JP70 37          0  0.56  1  1    0  0   2     1   594
260411 0830 -11 -0.32  14.0971026  DL1WER JN58 37          0  0.41  1  1    0  0  14     1   333
260411 0830 -15  6.04  14.0971088  HF2N JO94 23            0  0.27  1  1    0  0  33    19   -78
260411 0830 -20  1.94  14.0971253  DL6NL JO50 33           0  0.30  1  1    0  0  19     1   272
260411 0830 -17  0.54  14.0971439  PE1JXI JO20 10          0  0.23  1  1    0  0  12     1   379
260411 0830 -22  0.15  14.0971586  G4EUR IO92 37           0  0.35  1  1    0  0  17     1   292
260411 0830 -27 -0.02  14.0971690  <DG7FT> JN58UA 23       0  0.20  3  2  -16  0  33   407  -100
260411 0830 -25  0.37  14.0971917  G4HSB IO94 23           0  0.29  1  1    0  0  11     1   412
260411_083600    14.096 Tx WSPR     0  0.0 1444 EA6AJT JM19 30
260411 0834 -14  1.01  14.0970172  G8MCD IO91 23           0  0.51  1  1    0  0   4     1   466
260411 0834 -22  4.59  14.0970245  HF2N JO94 23            0  0.23  2  1    0  0  29   153   -20
260411 0834 -17  0.11  14.0970250  R2BIY KO85 37           0  0.22  1  1    0  0  31   257    -1
260411 0834 -16  0.02  14.0970355  DJ8XD JO52 37           0  0.50  1  1    0  0   0     1   702
260411 0834 -21 -0.06  14.0970519  PH9K JO33 27            0  0.27  3  2    0  1  32     1   810
260411 0834 -18  0.07  14.0970617  101AEW CR20 13         -1  0.19  1  1    0  0  20     1   305
260411 0834 -23  0.02  14.0970633  DB2OM JO52 23           0  0.15  3  2  -48  1  40     1   810
260411 0834 -22  5.14  14.0970719  PD9FER JO22 23          0  0.20  2  1    0  1  40     1   810
260411 0834 -14 -0.19  14.0970746  <DG8SF> JN48XJ 23       0  0.49  1  1    0  0   4     1   617
260411 0834 -14 -0.06  14.0970943  SM4HVP JP70 37          0  0.42  1  1    0  0  12     1   359
260411 0834 -18 -0.10  14.0971007  HA6QL JN97 33           0  0.23  2  1    0  0  20     2   220
260411 0834 -12  0.96  14.0971010  OE3KFB JN78 37          1  0.34  1  1    0  0  13     1   345
260411 0834 -18 -0.23  14.0971188  IU0JJD JN61 23          0  0.37  1  1    0  0  25    18    86
260411 0834 -21  1.86  14.0971256  DL6NL JO50 33           0  0.28  2  1    0  0  38    37   -80
260411 0834 -17 -0.27  14.0971275  DK3TG JN58 23           0  0.33  1  1    0  0  21    16    31
260411 0834 -27 -0.10  14.0971810  LA4PGA JP50 23          0  0.21  1  1    0  0  20    12   132
260411 0834 -15  0.37  14.0971980  SP2LNY JO94 23          0  0.54  1  1    0  0   4     1   478
260411 0838 -27  0.02  14.0970007  DL0PBS JO33 23         -1  0.17  1  1   -8  1  35     1   810
260411 0838 -16  0.11  14.0970172  G8MCD IO91 23           0  0.44  1  1    0  0   5     1   571
260411 0838 -19  0.49  14.0970231  M0OTV JO02 27           0  0.23  2  1    0  0  23     1   122
260411 0838 -15  0.07  14.0970268  <PA7D> JO23VF 23        0  0.44  1  1    0  0   1     1   679
260411 0838  -8 -0.02  14.0970459  SA0ORR JO89 23          0  0.62  1  1    0  0   8     1   297
260411 0838 -18  5.06  14.0970574  SM7WDL JO76 23          0  0.23  1  1    0  0  27     5    11
260411 0838 -19  0.62  14.0970598  DL3AAV JO52 23          0  0.24  1  1    0  0  18     1   250
260411 0838 -22  0.11  14.0970681  PD1RE JO22 23           0  0.21  1  1    0  1  35     1   810
260411 0838 -20  4.76  14.0970787  PD9FER JO22 23          0  0.23  1  1    0  1  32     1   810
260411 0838 -14  1.99  14.0971259  DL6NL JO50 33           0  0.37  1  1    0  0   8     1   482
260411 0838 -19  0.15  14.0971385  G0TCD IO91 37           0  0.41  1  1    0  0   6     1   556
260411 0838 -21  2.58  14.0971519  2E0DLC IO93 23          0  0.33  1  1    0  0  10     1   480
260411 0838 -32  0.15  14.0971740  ON4LUK JO11 23          0  0.13  1  1  -16  1  36     1   810
260411_084000    14.096 Tx WSPR     0  0.0 1444 EA6AJT JM19 30
260411 0842 -25  0.62  14.0970009  PD9FER JO22 23          0  0.18  1  1    0  0  27     4   -55
260411 0842 -18  0.32  14.0970093  OZ5ACI JO66 30          0  0.43  1  1    0  0   6     1   447
260411 0842 -12  0.15  14.0970172  G8MCD IO91 23           0  0.65  1  1    0  0   0     1   658
260411 0842 -25  0.37  14.0970316  G4HSB IO94 23           0  0.19  1  1    8  1  37     1   810
260411 0842 -23  0.15  14.0970546  OH5GES KP30 27          0  0.26  1  1    0  0  20     1   287
260411 0842 -16  0.15  14.0970885  PA5BU JO22 37           0  0.35  1  1    0  0  16     1   216
260411 0842 -20  5.02  14.0970914  SM7WDL JO76 23          0  0.25  2  1    8  1  41     1   810
260411 0842 -15  0.19  14.0970946  SM4HVP JP70 37          0  0.36  1  1    0  0  12     2   352
260411 0842 -22  0.83  14.0971035  DC6ZK JO52 30          -1  0.18  1  1   -8  1  44     1   810
260411 0842 -16  5.27  14.0971144  HF2N JO94 23            0  0.34  1  1    0  0   8     1   419
260411 0842 -19  0.07  14.0971205  ON4WS JO20 27           0  0.21  2  1    0  0  15     3   135
260411 0842 -15  1.99  14.0971256  DL6NL JO50 33           0  0.20  2  1    0  1  37     1   810
260411 0842 -11 -0.02  14.0971257  DL1FX JN49 23           0  0.24  1  1    0  1  41     1   810
260411 0842 -17  0.07  14.0971415  DL4AAE JN48 37          0  0.42  1  1    0  0   7     1   510
260411 0842 -23  0.28  14.0971502  OK1VAW JO70 23          0  0.22  1  1    0  0  16     1   287
260411 0842 -27  0.02  14.0971923  DB2OM JO52 23           0  0.20  1  1    0  1  32     1   810
260411_084600    14.096 Tx WSPR     0  0.0 1444 EA6AJT JM19 30
260411 0844 -19  5.14  14.0970494  HF2N JO94 23            0  0.37  1  1    0  0  16     1   377
260411 0844 -17  0.11  14.0970733  DL4XJ JO42 30          -1  0.47  1  1    0  0   0     1   651
260411 0844 -22 -0.27  14.0970902  PA2PGU JO32 23          0  0.11  3  1    0  1  38     1   810
260411 0844 -16 -1.21  14.0970928  LY3AZ KO25 23           0  0.23  1  1    0  0  28     3    -3
260411 0844 -17  0.11  14.0971006  DK9WT JO30 23           0  0.18  2  1    0  0  28     6    36
260411 0844 -13  1.18  14.0971014  OE3KFB JN78 37          0  0.24  1  1    0  0  33   380  -177
260411 0844 -19 -0.19  14.0971108  DK3TG JN58 23           1  0.18  1  1    0  0  29    20   -20
260411 0844 -19 -0.06  14.0971159  IK4UXE JN54 23          0  0.19  1  1    0  0  30   321  -106
260411 0844 -21  0.32  14.0971203  DB1SN JN48 23           0  0.17  1  1    0  1  38     1   810
260411 0844  -9 -0.10  14.0971549  IU0JJD JN61 23          0  0.56  1  1    0  0  14     1   174
260411 0844 -18  5.06  14.0971599  SQ9ANB JO90 23          0  0.21  2  1    0  0  23     2   166
260411 0844 -23  0.11  14.0971614  G7SYO IO90 27           0  0.18  3  3    8  1  42     1   810
260411_092800    14.096 Tx WSPR     0  0.0 1444 EA6AJT JM19 30
260411 0930 -20  0.11  14.0970178  G8MCD IO91 23           0  0.44  1  1    0  0   2     1   647
260411 0930 -26  0.92  14.0970239  0L0ZXY NP09 53          0  0.20  1  1    0  0  28    46   -18
260411 0930 -16 -0.32  14.0970354  SP3VSS JO82 23          0  0.48  1  1    0  0   6     1   471
260411 0930 -13  4.21  14.0970582  SM7WDL JO76 23          0  0.46  1  1    0  0  13     1   256
260411 0930 -30  0.19  14.0970740  DL4XJ JO42 30           0  0.16  1  1    0  1  38     1   810
260411 0930 -13  0.11  14.0970879  PD3FR JO22 20           0  0.62  1  1    0  0   0     1   783
260411 0930 -10  0.15  14.0971015  9H2RA JM75 23           0  0.53  1  1    0  0   6     1   584
260411 0930 -13  1.01  14.0971104  E79Q JN83 23            0  0.30  1  1    0  0  14     1   279
260411 0930 -18 -0.02  14.0971122  LA4PGA JP50 23          0  0.27  2  1    0  0  21     6    41
260411 0930 -26  1.05  14.0971242  M0UNI IO82 33           0  0.28  2  1    0  0  22     1   207
260411 0930 -19  0.24  14.0971260  <G4LEN> IO81UT 37       0  0.41  1  1    0  0   2     1   614
260411 0930 -24  2.33  14.0971554  PD9FER JO22 23          0  0.29  1  1    0  0  23     1   198
260411 0930 -25 -0.15  14.0971628  DD3MS JN59 23           0  0.26  1  1    0  1  27     1   810
260411 0930 -28  0.32  14.0971922  G4HSB IO94 23           0  0.20  3  3    8  1  34     1   810
260411 0930 -31  0.19  14.0971994  M0XDC JO01 37           0  0.15  1  1  -24  1  43     1   810
260411_093200    14.096 Tx WSPR     0  0.0 1444 EA6AJT JM19 30
260411_093600    14.096 Tx WSPR     0  0.0 1444 EA6AJT JM19 30
260411 0934 -17  0.07  14.0970177  G8MCD IO91 23           0  0.53  1  1    0  0   4     1   461
260411 0934 -12 -0.32  14.0970320  E79Q JN83 23            0  0.36  1  1    0  0   8     2   438
260411 0934 -19 -0.23  14.0970337  SM7URN JO76 23          0  0.30  2  1    0  0  21     4   122
260411 0934 -12 -0.62  14.0970441  SP3VSS JO82 23          0  0.25  1  1    0  0  25    81  -113
260411 0934 -13 -0.02  14.0970465  PD9LQ JO21 40           0  0.27  1  1    0  0  16     1   317
260411 0934 -22 -0.27  14.0970633  101AHE CQ84 40          1  0.29  1  1    0  0  19     1   273
260411 0934 -13  0.02  14.0971013  HA6QL JN97 33           0  0.46  1  1    0  0   9     1   393
260411 0934 -22  0.24  14.0971018  PD1WAT JO21 43          0  0.20  2  1  -16  0  32   323  -122
260411 0934 -23  0.19  14.0971018  DF5QPN/42 40            0  0.20  2  1   24  0  60   449  -147
260411 0934 -12  3.82  14.0971138  SM7WDL JO76 23          0  0.51  1  1    0  0   3     1   594
260411 0934 -19  1.99  14.0971244  DL6NL JO50 33           0  0.31  1  1    0  0  23     1   204
260411 0934 -21  1.05  14.0971261  DG7NFX JN59 23          0  0.16  1  1    0  0  17     6   256
260411 0934 -15  0.37  14.0971345  SM7XGC JO65 23          0  0.29  1  1    0  0  15     1   268
260411 0934 -15  0.02  14.0971389  G0TCD IO91 37           0  0.34  1  1    0  0   3     1   602
260411 0934 -24  0.11  14.0971540  PA0MLC JO31 27          0  0.28  1  1    0  0   7     1   529
260411 0934 -28 -0.02  14.0971706  GM4HAM IO85 23          0  0.12  3  2    0  1  40     1   810
260411 0938 -23  4.67  14.0970018  SQ9ANB JO90 23          0  0.34  1  1    0  0  15     2   273
260411 0938 -15  0.11  14.0970138  SM7XGC JO65 23          1  0.27  1  1    0  0  21     4   184
260411 0938 -15  0.11  14.0970175  G8MCD IO91 23           0  0.41  1  1    0  0   6     1   545
260411 0938 -18  0.79  14.0970236  M0OTV JO02 27           0  0.33  1  1    0  0   0     1   667
260411 0938 -24  4.93  14.0970411  PD9FER JO22 23          0  0.24  2  1    0  0  22    38    97
260411 0938 -13  0.32  14.0970445  SK7BQ JO76 23           0  0.54  1  1    0  0   0     1   556
260411 0938 -19 -0.49  14.0970594  DL3IAD JO31 30         -1  0.36  1  1    0  0   4     1   572
260411 0938 -12  4.63  14.0970688  SM7WDL JO76 23          0  0.37  1  1    0  0  11     1   311
260411 0938 -13  0.54  14.0970741  E79Q JN83 23            0  0.40  1  1    0  0  15     1   378
260411 0938 -12  0.28  14.0970851  SP3VSS JO82 23          0  0.42  1  1    0  0   8     1   455
260411 0938 -17  2.03  14.0971242  DL6NL JO50 33           0  0.49  1  1    0  0   1     1   588
260411 0938 -11  0.19  14.0971335  S57DEV JN75 37          0  0.58  1  1    0  0   0     1   723
260411 0938 -20  0.15  14.0971431  <PA7D> JO23VF 23        0  0.29  1  1    0  0   7     1   496
260411 0938 -29  2.54  14.0971522  2E0DLC IO93 23          0  0.13  3  2   16  1  39     1   810
260411 0938 -25 -0.15  14.0971560  SA0ORR JO89 23          0  0.16  1  1    0  1  35     1   810
260411 0938 -10  0.32  14.0971696  <HG7RED> JN97KJ 23      0  0.65  1  1    0  0   0     1   780
260411 0938 -28 -0.06  14.0971827  DB2OM JO52 23           0  0.16  2  1   16  1  41     1   810
260411_094000    14.096 Tx WSPR     0  0.0 1444 EA6AJT JM19 30
260411 0942 -25  4.76  14.0969960  PD9FER JO22 23          0  0.17  1  1    0  0  35   222  -103
260411 0942 -11  5.40  14.0970028  SM7WDL JO76 23          0  0.48  1  1    0  0   6     1   538
260411 0942 -18  0.11  14.0970176  G8MCD IO91 23           0  0.58  1  1    0  0   1     1   671
260411 0942 -24  0.19  14.0970257  R2BIY KO85 37           0  0.25  1  1    0  0  21     1   173
260411 0942  -9  0.07  14.0970464  PD9LQ JO21 40           0  0.38  1  1    0  0  11     1   411
260411 0942  -9  0.07  14.0970500  SP3VSS JO82 23          0  0.31  1  1    0  0  14     1   310
260411 0942 -22 -0.32  14.0970628  1X1CLZ MN83  7         -1  0.29  1  1    0  0  17     1   326
260411 0942 -14 -0.02  14.0970734  SM7XGC JO65 23          0  0.50  1  1    0  0   6     1   561
260411 0942 -26  2.75  14.0970773  ON5AJ JO11 23           0  0.13  2  1   -8  1  33     1   810
260411 0942 -21 -0.02  14.0970835  SM7URN JO76 23          0  0.36  1  1    0  0   9     1   379
260411 0942 -30  0.79  14.0971049  DC6ZK JO52 30          -1  0.15  1  1  -16  1  39     1   810
260411 0942 -24  1.09  14.0971235  OK2SAM JN99 30          0  0.25  2  1    0  0  32     3     0
260411 0942 -16  1.99  14.0971241  DL6NL JO50 33           0  0.38  1  1    0  0  12     1   444
260411 0942 -25  0.75  14.0971332  PE1JXI JO20 10          0  0.15  2  1  -24  1  46     1   810
260411 0942 -12  0.15  14.0971336  S57DEV JN75 37          0  0.55  1  1    0  0   0     1   721
260411 0942 -28 -0.15  14.0971571  MI9PYZ IO65 23          0  0.15  1  1    0  1  38     1   810
260411 0942 -22  0.28  14.0972021  OK1VAW JO70 23          0  0.35  1  1    0  0   9     1   455
260411_094400    14.096 Tx WSPR     0  0.0 1444 EA6AJT JM19 30
260411 0946 -27  0.24  14.0970076  <G7SYO> IO90DR 27       0  0.18  1  1    0  0  17     3   312
260411 0946  -9  0.11  14.0970175  G8MCD IO91 23           0  0.71  1  1    0  0   0     1   705
260411 0946 -22  2.41  14.0970282  PD9FER JO22 23          0  0.19  1  1    0  1  30     1   810
260411 0946 -14 -0.45  14.0970589  SM7XGC JO65 23          0  0.18  3  4   64  1  38     1   810
260411 0946 -12 -0.15  14.0970781  SP3VSS JO82 23          0  0.39  1  1    0  0  13     1   369
260411 0946 -15  5.19  14.0970848  SM7WDL JO76 23          0  0.36  1  1    0  0  15     1   384
260411 0946   4  1.30  14.0971016  OE3KFB JN78 37          0  0.71  1  1    0  0   0     1   767
260411 0946 -15 -0.23  14.0971195  9A3ZI JN86 10           0  0.42  1  1    0  0   5     1   469
260411 0946  -8  0.07  14.0971287  E79Q JN83 23            0  0.21  3  4    0  0  26   114   -77
260411 0946 -23 -0.15  14.0971416  DB2OM JO52 23           0  0.23  1  1    0  0  10     1   392
260411 0946 -25  0.07  14.0971522  PI9ESA JO22 27          0  0.17  1  1    0  0  16     1   262
260416_164048     7.039 Tx WSPR     0  0.0 1444 EA6AJT JM19 30
260416 1642 -18 -0.27   7.0399995  EA4DTE IN80 23          0  0.23  1  1    0  0  15     1   298
260416 1642  -4 -0.66   7.0400187  9A3ZI JN86 10           0  0.24  1  1    0  0  14     2   237
260416 1642 -25 -0.45   7.0400511  OE7AAI JN57 23          0  0.17  1  1    0  1  27     1   810
260416 1642 -24  4.55   7.0400601  LX2AR JN39 23           0  0.14  1  1    8  0  27    11   -40
260416 1642 -15 -0.45   7.0400788  OE9PTI JN47 23          0  0.16  1  1    0  0  23    12    52
260416 1642 -14 -0.19   7.0400862  EB1A IN53 27            0  0.22  1  1    0  0  11     2   309
260416 1642 -22 -0.06   7.0401227  ON4WS JO20 30           0  0.21  1  1    0  0  18     1   246
260416 1642 -17 -0.32   7.0401453  E79Q JN83 23            0  0.13  2  1    0  1  32     1   810
260416 1642 -13  0.41   7.0401500  F6IDT JN33 37           0  0.27  1  1    0  0   3     1   498
260416 1642 -31 -0.53   7.0401699  PA2PGU JO32 23          0  0.12  3  1    0  1  41     1   810
260416 1644 -16  0.11   7.0400266  PA7D JO23 23            0  0.25  1  1    0  0   7     1   412
260416 1644 -23  4.97   7.0400651  LX2AR JN39 23           0  0.15  1  1  -16  1  36     1   810
260416 1644 -16 -0.10   7.0400789  <OE9PTI> JN47VL 23      0  0.22  1  1    0  0   5     1   419
260416 1644 -20 -0.10   7.0401010  DK3TG JN58 23           0  0.16  1  1    0  0  22     2   135
260416 1644 -13  0.28   7.0401194  I0LYO JN52 23           1  0.17  1  1    0  0  18   145    12
260416 1644 -17 -0.06   7.0401363  E79Q JN83 23            0  0.17  1  1    0  0  21     6    90
260416 1644 -17 -0.06   7.0401707  G4HSB IO94 23           0  0.25  1  1    0  0  12     1   305
260416_164800     7.039 Tx WSPR     0  0.0 1444 EA6AJT JM19 30
260416 1646 -16  0.11   7.0400266  <PA7D> JO23VF 23        0  0.26  1  1    0  0  16     1   352
260416 1646   2  0.15   7.0400641  EA6URP JM19 23          0  0.35  1  1    0  0   7     1   445
260416 1646  -6 -0.02   7.0400820  EA4CM IN80 23           0  0.24  1  1    0  0   6     1   406
260416 1646 -17  0.11   7.0401011  DK9WT JO30 23           0  0.20  1  1   -8  1  37     1   810
260416 1646  -9  0.28   7.0401284  <G4LEN> IO81UT 37       0  0.22  1  1    0  0  13     1   379
260416 1646 -17  0.15   7.0401383  G3JKF JO00 33           0  0.21  1  1    0  0  17     4   215
260416 1646 -23  0.02   7.0401539  F4WFT IN98 23           0  0.17  2  1    8  0  35   332  -149
260416 1646 -17  0.02   7.0401810  EA5RKP IM99 23          0  0.30  1  1    0  0   3     1   531
260416 1646 -16  0.15   7.0402029  <...> JN87BV 23         0  0.29  1  1    0  0  58     2   358
260416_213200    14.096 Tx WSPR     0  0.0 1444 EA6AJT JM19 30
260416 2130 -26  0.07  14.0969938  <K8CHY> EM72GN 30       0  0.29  1  1    0  0  17     2   297
260416 2130 -25  0.71  14.0970186  OH8RO KP25 23           0  0.23  1  1    0  0  17     5   222
260416 2130 -22  0.11  14.0970826  KD3ANN FM29 37          0  0.30  1  1    0  0  20     1   226
260416 2130 -25  0.11  14.0970927  WA3DNM FM29 37          0  0.19  1  1    0  1  35     1   810
260416 2130 -14  2.71  14.0970991  N8VIM FN42 37           1  0.40  1  1    0  0   9     1   440
260416 2130 -24  0.75  14.0971358  N0KGK EN34 40           0  0.24  1  1    0  0  20     1   274
260416 2130 -19  0.49  14.0971432  GM1BAN IO88 23          0  0.44  1  1    0  0   6     1   539
260416 2130 -24 -0.06  14.0971566  KR4CQD EL96 23          0  0.20  1  1    0  0  25     2    78
260416 2130 -23  0.11  14.0971627  VE2DM FN45 30           0  0.26  3  2   -8  0  36   340  -139
260416_213400    14.096 Tx WSPR     0  0.0 1444 EA6AJT JM19 30
260416 2136 -19 -0.02  14.0970921  WA3DNM FM29 37          0  0.38  1  1    0  0  12     1   430
260416 2136 -28  0.15  14.0971074  VE3LPB FN03 23          0  0.13  1  1    0  1  44     1   810
260416 2136 -21  0.15  14.0971627  RL3DF KO95 10          -1  0.31  1  1    0  0  17     1   241
260416_213800    14.096 Tx WSPR     0  0.0 1444 EA6AJT JM19 30
260416 2140 -20 -0.15  14.0970013  SA0ORR JO89 23          0  0.45  1  1    0  0   2     1   556
260416 2140 -16  0.02  14.0970942  SM4HVP JP70 37          0  0.32  2  1    0  0   7     1   459
260416 2140  -7  2.75  14.0970986  N8VIM FN42 37           0  0.45  1  1    0  0   9     1   432
260416 2140 -17 -0.02  14.0970987  OH5XO KP41 27          -2  0.20  2  1    0  0  20     1   130
260416 2140 -22  0.45  14.0971630  RL3DF KO95 10           0  0.19  1  1    0  0  31    22   -68
260416 2142 -27  0.28  14.0970079  KR4CQD EL96 23          0  0.17  1  1    0  0  28   184  -118
260416 2142 -13  0.19  14.0970399  SM4GTV JP70 30          0  0.57  1  1    0  0   3     1   551
260416_214400    14.096 Tx WSPR     0  0.0 1444 EA6AJT JM19 30
260416 2146 -18  0.41  14.0971026  SM3ESX JP82 20         -3  0.48  1  1    0  0   3     1   560
260416 2146 -18  0.07  14.0971251  WA3ITR FN42 33          0  0.38  1  1    0  0   9     2   380
260416 2148 -25 -0.10  14.0970186  OH6CR KP12 23           0  0.22  1  1    0  0  35    18   -62
260416 2148 -15 -0.02  14.0970990  OH5XO KP41 27          -1  0.54  1  1    0  0   5     1   480
260416 2148 -18 -0.15  14.0971382  LA4PGA JP50 23          0  0.49  1  1    0  0   2     1   700
260416 2148 -23 -0.40  14.0971645  RL3DF KO95 10           0  0.25  1  1   32  1  47     1   810
260416 2148 -27 -0.19  14.0971866  AD2DI FN30 23           0  0.17  1  1    0  0  36    12   -22
260416 2150 -31 -0.10  14.0970147  CS5WB IM68 23           0  0.13  3  2    0  1  30     1   810
260416 2150 -23  0.19  14.0970546  OH5GES KP30 27          0  0.18  1  1    0  1  34     1   810
260416 2150 -24 -0.19  14.0970665  KR4CQD EL96 23          0  0.20  1  1    0  1  32     1   810
260416 2150 -14  0.02  14.0970731  LA1ITS JO59 37          0  0.66  1  1    0  0   2     1   569
260416 2150 -20 -0.06  14.0970947  SM4HVP JP70 37          0  0.38  1  1    0  0   5     1   483
260416 2150 -21  0.02  14.0971255  WA3ITR FN42 33          0  0.36  1  1    0  0  13     1   247
260416 2150 -22  0.02  14.0971620  VE2DM FN45 30           0  0.35  1  1    0  0  11     1   357
260416_215200    14.096 Tx WSPR     0  0.0 1444 EA6AJT JM19 30
260416 2154 -16 -3.82  14.0970682  UA3SWL KO91  0         -4  0.43  1  1    0  0  17     2   292
260416 2154 -13 -0.06  14.0970944  SM4HVP JP70 37          0  0.63  1  1    0  0   1     1   662
260416_215600    14.096 Tx WSPR     0  0.0 1444 EA6AJT JM19 30
260416 2158 -28  0.02  14.0970629  R2ASY KO85 23           0  0.16  3  1    8  0  35   242  -174
260416 2158 -28  0.45  14.0970800  KR4CQD EL96 23          0  0.14  1  1    0  1  42     1   810
260416 2158 -21 -0.02  14.0970944  SM4HVP JP70 37          0  0.36  1  1    0  0   8     1   495
260416 2158 -26  0.19  14.0971619  VE2DM FN45 30           1  0.17  1  1    0  1  37     1   810
260416 2202 -21  0.02  14.0970948  SM4HVP JP70 37          0  0.38  1  1    0  0  20     1   270
260416 2202 -21 -0.06  14.0971240  OH6CR KP12 23           0  0.23  1  1    0  0  16     1   294
260416 2202 -29  0.07  14.0971254  WA3ITR FN42 33          0  0.21  3  3    0  1  42     1   810
260416 2202 -24  0.15  14.0971498  KR4CQD EL96 23          0  0.27  1  1    0  0  32    21   -74
260416 2202 -14 -0.06  14.0971805  LA4PGA JP50 23          0  0.58  1  1    0  0   1     1   616
260416_220400    14.096 Tx WSPR     0  0.0 1444 EA6AJT JM19 30
260416 2206 -26 -0.02  14.0970649  KR4CQD EL96 23          0  0.25  1  1    0  0  37   146  -130
260416 2206 -21  0.07  14.0970907  N4WLO/1 37              1  0.34  1  1    0  0   9     1   417
260416 2206 -18  0.32  14.0971067  SM3ESX JP82 20         -2  0.47  1  1    0  0   5     1   499
260416 2206 -14  0.07  14.0971249  WA3ITR FN42 33          0  0.59  1  1    0  0   4     1   534
260416_220800    14.096 Tx WSPR     0  0.0 1444 EA6AJT JM19 30
260416 2210 -26  0.07  14.0969936  <K8CHY> EM72GN 30       0  0.23  1  1    0  0  24     1   135
260416 2210 -27  0.83  14.0970181  OH8RO KP25 23           0  0.18  1  1    0  1  38     1   810
260416 2210 -12  0.07  14.0971249  WA3ITR FN42 33          0  0.59  1  1    0  0   0     1   598
260416 2210 -19  0.11  14.0971370  <...> IM58OB 37         1  0.40  1  1    0  0  55     1   543
260416 2210 -25 -0.19  14.0971440  KR4CQD EL96 23          0  0.24  1  1    0  1  40     1   810
260416 2210 -27  0.07  14.0971779  K4PQC EM83 20           0  0.22  1  1    0  0  27    71   -63
260416_221200    14.096 Tx WSPR     0  0.0 1444 EA6AJT JM19 30
260416 2214 -22  1.05  14.0971000  KR4EJY EL89 37          0  0.25  1  1    0  0  31   148   -15
260416 2214 -26 -0.96  14.0971110  BV7YA PL03 23           0  0.20  3  2  -24  0  32   227   -83
260416 2214 -18  0.02  14.0971252  WA3ITR FN42 33          0  0.39  1  1    0  0  21     2   140
260422_203400    14.096 Tx WSPR     0  0.0 1444 EA6AJT JM19 30
260422 2036 -23 -0.10  14.0970190  IK4MGG JN54 23          0  0.30  1  1    0  0  16     3   209
260422 2036 -11  2.07  14.0970980  N8VIM FN42 37           1  0.60  1  1    0  0   1     1   572
260422 2036 -25 -0.02  14.0971618  OH6CR KP12 23           0  0.24  1  1    0  0  18     2   194
260422 2036 -14 -0.06  14.0971712  LA4PGA JP50 23          0  0.58  1  1    0  0  10     1   385
260422_203800    14.096 Tx WSPR     0  0.0 1444 EA6AJT JM19 30
260422 2040 -27  0.75  14.0970181  OH8RO KP25 23           0  0.20  1  1    0  0  31     6    46
260422 2040 -23  5.40  14.0971028  IK4UXE JN54 23          0  0.22  1  1    0  1  35     1   810
260422_204200    14.096 Tx WSPR     0  0.0 1444 EA6AJT JM19 30
260422_204600    14.096 Tx WSPR     0  0.0 1444 EA6AJT JM19 30
260422 2048 -29  4.89  14.0970438  IK4UXE JN54 23          0  0.14  1  1   32  1  39     1   810
260422 2048 -15  2.03  14.0970982  N8VIM FN42 37           1  0.51  1  1    0  0   5     1   451
260422 2050 -20  0.11  14.0970835  K4WBT EM94 37           0  0.40  1  1    0  0   6     1   466
260422 2050 -22 -0.02  14.0971011  HA6QL JN97 33           0  0.28  1  1    0  0  23     4   133
260422 2052 -23  5.87  14.0970011  IK4UXE JN54 23          0  0.30  1  1    0  0  31    68    14
260422 2054 -20  5.49  14.0971254  IK4UXE JN54 23          0  0.29  1  1    0  0  28    22    16
260422_205600    14.096 Tx WSPR     0  0.0 1444 EA6AJT JM19 30
260422 2058 -26  0.28  14.0970167  OE6LHG JN77 23          0  0.25  1  1    0  0  22     1   193
260422 2058 -18  2.07  14.0970983  N8VIM FN42 37           1  0.43  1  1    0  0   9     1   439
260422 2058 -24 -0.02  14.0971248  WA3ITR FN42 33          0  0.29  1  1    0  0  20     3   179
260422 2058 -21  5.40  14.0971591  IK4UXE JN54 23          0  0.33  1  1    0  0  14     1   328
260422 2100 -25  5.23  14.0970733  IK4UXE JN54 23          0  0.22  1  1    0  0  30     4    26
260422 2102 -24  5.23  14.0971056  IK4UXE JN54 23          0  0.19  1  1    0  0  33   310   -54
260422 2102 -24 -0.06  14.0971252  WA3ITR FN42 33          0  0.24  1  1    0  0  23     2   240
260422 2104 -24  5.91  14.0970806  IK4UXE JN54 23          0  0.23  1  1    0  1  29     1   810
260422 2104 -28 -0.02  14.0971015  HA6QL JN97 33           0  0.20  1  1   -8  1  41     1   810
260422_210600    14.096 Tx WSPR     0  0.0 1444 EA6AJT JM19 30
260422 2108 -28  4.80  14.0970021  IK4UXE JN54 23          0  0.19  1  1  -16  1  42     1   810
260422_211000    14.096 Tx WSPR     0  0.0 1444 EA6AJT JM19 30
260422 2114 -13 -0.10   7.0400128  <OE9PTI> JN47VL 23      0  0.34  1  1    0  0   6     1   409
260422 2114 -28  0.88   7.0400572  SM0IHR JO89 33          0  0.16  1  1   -8  0  30   164   -72
260422 2114 -26 -0.06   7.0401096  MI9PYZ IO65 23          0  0.13  1  1   -8  1  36     1   810
260422 2114 -23  0.19   7.0401381  F6EGX JN35 37           0  0.14  1  1  -56  0  29   180   -53
260422 2114 -17 -0.91   7.0401470  SM0ONR JO89 33          0  0.26  1  1    0  0  12     1   250
260422 2114  -8  0.19   7.0401605  DJ7KL JN48 37           0  0.39  1  1    0  0   3     1   454
260422_211600     7.039 Tx WSPR     0  0.0 1444 EA6AJT JM19 30
260422 2116 -19 -0.49   7.0400021  G4HSB IO94 23           0  0.29  1  1    0  0  14     1   287
260422 2116  -3 -0.32   7.0400392  DK2DB JN48 37           0  0.43  1  1    0  0  14     1   407
260422 2116 -20 -0.40   7.0401017  ON4PB JO20 10           0  0.22  1  1    0  0  23     6    84
260422 2116 -25 -0.19   7.0401518  GM8FXD IO77 30          0  0.18  1  1    0  0  27     7   -14
260422 2116 -11 -0.27   7.0401706  DL5UY JN48 43           0  0.40  1  1    0  0   7     1   427
260422 2118 -25  5.31   7.0399938  LX2AR JN39 23           0  0.16  1  1   -8  1  32     1   810
260422 2118 -23  1.65   7.0400209  G4GCI IO90 37           0  0.22  1  1    0  0  18     1   258
260422 2118 -15 -0.32   7.0400702  9A3ZI JN86 10           0  0.32  1  1    0  0   9     1   372
260422 2118 -10 -0.36   7.0400868  EB1A IN53 27            0  0.30  1  1    0  0  19     1   127
260422 2118 -19 -0.10   7.0401545  OE7AAI JN57 23          0  0.28  1  1    0  0   8     1   447
260422 2122 -22 -0.06   7.0400165  MI9PYZ IO65 23          0  0.32  1  1    0  0  15     1   379
260422 2122 -25  0.19   7.0400351  PD0PF JO22 23           0  0.31  1  1    0  0  29    40   -93
260422 2122 -29  0.11   7.0400379  PA7D JO23 23            0  0.21  2  1    0  1  39     1   810
260422 2122 -25  0.15   7.0401167  OZ8WSP JO57 27          0  0.13  3  2   -8  0  36   183  -153
260422 2122 -19  0.11   7.0401220  ON4WS JO20 30           0  0.28  2  1    0  0  35   376  -153
260422 2122  -7  0.07   7.0401231  <EA6URP> JM19IN 23      0  0.52  1  1    0  0   0     1   803
260422 2122 -10 -0.06   7.0401919  HB9HJL JN47 23          0  0.68  1  1    0  0   1     1   558
260422_212400     7.039 Tx WSPR     0  0.0 1444 EA6AJT JM19 30
260503_183837    28.125 Tx WSPR     0  0.0 1444 EA6AJT JM19 30
260503_184000    28.125 Tx WSPR     0  0.0 1444 EA6AJT JM19 30
260503_184400    21.095 Tx WSPR     0  0.0 1444 EA6AJT JM19 37
260503 1850 -23  0.11  21.0960996  OH5XO KP41 27           0  0.32  1  1    0  0  22    17   116
260503_185400    21.095 Tx WSPR     0  0.0 1444 EA6AJT JM19 37
260503_190000    14.096 Tx WSPR     0  0.0 1444 EA6AJT JM19 30
260503 1858  -7  1.09  14.0970173  G8MCD IO91 23           0  0.56  1  1    0  0  12     1   374
260503 1858 -15  0.28  14.0970331  EA1FLU IN72 23          0  0.29  1  1    0  0  26     4   112
260503 1858 -10  0.66  14.0970612  PA2W JO22 37            0  0.66  1  1    0  0   8     1   414
260503 1858 -19  0.28  14.0970769  PA3AQR JO20 20          0  0.13  3  2    0  1  36     1   810
260503 1858 -17  0.37  14.0970983  DK7MI JN67 20           0  0.34  2  1    0  1  34     1   810
260503 1858 -12 -0.19  14.0970996  G4LLI IO91 33           1  0.35  1  1    0  0  21     1   276
260503 1858 -22  0.66  14.0971042  DC6ZK JO52 30          -1  0.21  2  1    0  1  53     1   810
260503 1858 -12  0.79  14.0971141  PE1JXI JO20 10          0  0.26  1  1    0  0  27    11    70
260503 1858 -19  1.47  14.0971251  DF6LT JO43 23           1  0.35  1  1    0  0  22     2   258
260503 1858 -13  4.93  14.0971327  PD9FER JO22 23          0  0.39  1  1    0  0  22     1   305
260503 1858  -9  0.19  14.0971387  G0TCD IO91 37           0  0.62  1  1    0  0  13     1   486
260503 1858 -27  0.28  14.0971689  ON2TSF JN29 20          0  0.23  1  1    0  0  26     6   -34
260503 1858 -18 -0.06  14.0971915  G6CKK JO01 23           0  0.44  1  1    0  0  19     1   326
260503 1900 -13 -0.06  14.0970119  PD1RE JO22 23           0  0.21  1  1   -8  1  31     1   810
260503 1900 -17 -0.32  14.0970339  EA1FLU IN72 23          0  0.29  1  1    0  1  39     1   810
260503 1900 -15 -0.36  14.0970371  G6GN IO81 30            0  0.42  1  1    0  0  19     1   238
260503 1900 -24  0.02  14.0970624  G3PMY IO90 23           0  0.20  1  1   16  1  44     1   810
260503 1900 -18 -0.10  14.0970735  ON2TSF JN29 20          0  0.26  1  1   -8  1  38     1   810
260503 1900 -16 -0.02  14.0970767  <PA3AQR> JO20XW 20      0  0.38  1  1    0  0  16     1   294
260503 1900  -7 -0.27  14.0971000  9H2RA JM75 23           0  0.53  1  1    0  0  10     1   524
260503 1900 -21 -0.23  14.0971129  PG2A JO21 23            0  0.17  2  1    8  1  43     1   810
260503 1900 -16  0.79  14.0971140  PE1JXI JO20 10          0  0.21  1  1    0  1  38     1   810
260503 1900  -6 -0.15  14.0971256  <G4LEN> IO81UT 37       0  0.73  1  1    0  0   9     1   353
260503 1900  -9 -0.19  14.0971286  ON4DM JO11 23           0  0.60  1  1    0  0  30     5     3
260503 1900 -17  4.38  14.0971407  PD9FER JO22 23          0  0.36  1  1    0  0  17     3   202
260503 1900 -23  0.11  14.0971911  G4HSB IO94 23           0  0.34  1  1    0  0  28     1   193
260503 1902 -27  0.19  14.0970001  DL0PBS JO33 23         -1  0.19  1  1    0  1  31     1   810
260503 1902 -21  0.37  14.0970106  ON2TSF JN29 20          1  0.16  2  1    0  1  41     1   810
260503 1902 -14  0.41  14.0970142  DL8ROA JN49 37         -1  0.50  2  1    0  0   5     1   581
260503 1902  -5  1.13  14.0970174  G8MCD IO91 23           0  0.62  1  1    0  0   1     1   607
260503 1902 -20  0.28  14.0970221  R2BIY KO85 37           0  0.28  2  1    0  0  30     4   101
260503 1902 -14  0.62  14.0970335  EA1FLU IN72 23          0  0.33  1  1    0  1  27     1   810
260503 1902 -20  0.19  14.0970565  DL3AAV JO52 23          0  0.30  1  1    0  0  10     1   373
260503 1902 -21  5.61  14.0970636  PD9FER JO22 23          0  0.25  1  1    0  0  29     4    74
260503 1902 -20  0.62  14.0971029  DC6ZK JO52 30           0  0.21  1  1    0  0  22     4    51
260503 1902 -19  0.32  14.0971102  LB9CJ JO59 37           0  0.33  2  1    0  0  17     1   242
260503 1902 -14  1.01  14.0971144  PE1JXI JO20 10          0  0.28  1  1    0  0  19    10   203
260503 1902 -12  0.11  14.0971214  ON4WS JO20 27           0  0.44  1  1    0  0   7     1   468
260503 1902 -19  0.19  14.0971259  G3WPD IO91 27           0  0.24  2  1   32  0  30   204  -175
260503 1902 -12  1.26  14.0971266  DL6NL JO50 33           0  0.24  1  1    0  0  25     1   165
260503 1902  -8  0.15  14.0971449  PA7D JO23 23            0  0.67  1  1    0  0   0     1   650
260503 1902 -21  2.41  14.0971519  2E0DLC IO93 23          0  0.28  2  1    0  0  26     4    71
260503 1902 -11  0.11  14.0971530  PA0MLC JO31 27          0  0.49  1  1    0  0   5     1   523
260503 1902  -4 -0.10  14.0971802  DK3TG JN58 23           1  0.67  1  1    0  0   1     1   601
260503 1902 -20  0.11  14.0971841  G7SYO IO90 27           0  0.28  2  1    0  1  36     1   810
260503 1902 -14  0.15  14.0971867  G6GN IO81 30            0  0.50  1  1    0  0   3     1   607
260503 1904 -17 -0.23  14.0969962  DK1CC JN49 23          -1  0.38  1  1    0  0  20     8   -31
260503 1904 -24  4.93  14.0970098  SM7XGC JO65 23          0  0.13  1  1    0  0  30     5     4
260503 1904 -18  0.07  14.0970141  MW0XMG IO81 23          0  0.34  1  1    0  0  12     1   417
260503 1904 -24  0.19  14.0970255  G3PMY IO90 23           0  0.16  1  1    0  0  32    34   -24
260503 1904 -13 -0.02  14.0970337  EA1FLU IN72 23          0  0.38  1  1    0  0  16     1   223
260503 1904 -19 -0.06  14.0970672  DB2OM JO52 23           0  0.44  1  1    0  0   7     1   468
260503 1904 -16  0.32  14.0970880  EB1A IN53 27            0  0.38  1  1    0  0   3     1   602
260503 1904 -25 -0.06  14.0970971  <G7GYP> IO82XA 27       0  0.20  3  2   24  0  31   265  -107
260503 1904 -16  0.02  14.0970987  DK9ES JO31 23           0  0.33  1  1    0  0  19     4   222
260503 1904 -17  0.28  14.0971104  LB9CJ JO59 37           0  0.19  3  1    0  1  34     1   810
260503 1904 -11  0.79  14.0971147  PE1JXI JO20 10          0  0.31  1  1    0  0  14     1   275
260503 1904  -9  0.24  14.0971230  DC1SAF JN48 33          0  0.49  1  1    0  0  29     1   112
260503 1904  -7  0.24  14.0971259  G4LEN IO81 37           0  0.63  1  1    0  0   3     1   504
260503 1904  -9  0.15  14.0971450  <PA7D> JO23VF 23        0  0.69  1  1    0  0   0     1   678
260503 1904 -28  0.11  14.0971629  RL3DF KO95 10           0  0.15  1  1   16  1  43     1   810
260503 1904 -17  0.15  14.0971842  <G7SYO> IO90DR 27       0  0.52  1  1    0  0   3     1   590
260503 1904 -26  0.62  14.0971897  <...> IO91KG 23         0  0.18  1  1    0  0  59     1   224
260503 1906  -6  1.13  14.0970175  G8MCD IO91 23           0  0.77  1  1    0  0   0     1   630
260503 1906 -14 -0.23  14.0970340  EA1FLU IN72 23          0  0.32  1  1    0  0  18   403   -21
260503 1906 -21 -0.23  14.0970430  MW0XMG IO81 23          0  0.20  1  1    0  1  29     1   810
260503 1906 -20  0.02  14.0970525  G4HJE JO01 23           0  0.20  1  1    0  0  29   321   -35
260503 1906 -16  5.49  14.0970578  PD9FER JO22 23          0  0.37  2  1    0  0  15     1   269
260503 1906  -9  0.66  14.0970614  PA2W JO22 37            0  0.62  1  1    0  0   5     1   640
260503 1906 -26  1.69  14.0970702  105LRN HD53 43          2  0.14  1  1   32  0  26    17   -24
260503 1906 -24  0.02  14.0970844  G3PMY IO90 23           0  0.18  1  1    0  0  27    49    11
260503 1906 -19  0.11  14.0970907  YU1DGH KN03 23          0  0.32  1  1    0  0  19     1   315
260503 1906 -18  0.45  14.0971015  2E0HUR IO92 23          0  0.28  1  1   56  0  35   120  -160
260503 1906 -19  0.28  14.0971083  OE6LHG JN77 23          0  0.15  3  2    0  1  44     1   810
260503 1906  -9  1.47  14.0971146  PE1JXI JO20 10          0  0.25  1  1    0  0  21     9   -32
260503 1906 -17  0.11  14.0971251  <PA3GHQ> JO21LT 23      0  0.29  2  1    0  0  24     7   103
260503 1906 -12  1.26  14.0971273  DL6NL JO50 33           0  0.47  1  1    0  0   6     1   404
260503 1906 -16  0.15  14.0971520  PI9ESA JO22 27          0  0.46  1  1    0  0   8     1   467
260503 1906 -24  2.33  14.0971521  2E0DLC IO93 23          0  0.20  2  1    0  1  43     1   810
260503 1906 -16  0.41  14.0971693  G4HSB IO94 23           0  0.54  1  1    0  0   2     1   582
260503 1906 -18  0.49  14.0971725  SP2LNY JO94 23          0  0.43  1  1    0  0  25    14    62
260503 1906 -16 -0.06  14.0971916  G6CKK JO01 23           0  0.48  1  1    0  0   6     1   489
260503 1906 -14  0.45  14.0972002  DK7MI JN67 20           0  0.61  1  1    0  0   1     1   569
260503 1908 -24  4.97  14.0969989  G8PJH JO01 23           0  0.29  1  1    0  0  19     2   256
260503 1908 -13  0.15  14.0970088  PA5BS JO21 20           1  0.57  1  1    0  0   0     1   620
260503 1908 -16  0.07  14.0970115  OE7AAI JN57 23          0  0.29  1  1  -56  1  42     1   810
260503 1908 -26  0.79  14.0970220  G8XYQ JO02 23          -3  0.19  1  1    0  0  29     6    37
260503 1908 -20  0.07  14.0970342  EA1FLU IN72 23          0  0.24  1  1    0  1  34     1   810
260503 1908 -18  5.23  14.0970747  PD9FER JO22 23          0  0.27  1  1    0  0  16     1   385
260503 1908 -10  3.74  14.0970810  PB2GT JO22 33           0  0.30  1  1    0  0   6     1   499
260503 1908 -13  0.24  14.0970973  G7SYO IO90 27           0  0.20  1  1    0  0  11     1   426
260503 1908 -12  0.24  14.0971013  G8LDJ JO01 33           0  0.41  1  1    0  0   9     1   461
260503 1908  -8  0.19  14.0971134  G4GVZ IO81 37           0  0.32  1  1    0  0  21     3   182
260503 1908 -11  1.01  14.0971145  PE1JXI JO20 10          0  0.21  2  1    0  1  33     1   810
260503 1908  -6  0.19  14.0971258  <G4LEN> IO81UT 37       0  0.35  2  1    0  0  26     2   151
260503 1908  -1  0.11  14.0971260  DL1FX JN49 23           0  0.61  1  1    0  0  29     3    33
260503 1908 -18 -0.32  14.0971461  MW0XMG IO81 23          0  0.24  1  1    0  0  21     1   195
260503 1908 -25  3.31  14.0971480  G6EJD IO81 20           0  0.14  2  1    0  1  38     1   810
260503 1908 -22  2.33  14.0971520  2E0DLC IO93 23          0  0.24  1  1    0  0  27    29    10
260503 1908 -27  0.15  14.0971611  OZ1AAB JO65 20         -2  0.21  1  1    0  1  36     1   810
260503 1908 -26  0.02  14.0971719  OE7XZB JN57 23          0  0.17  3  2  -24  1  51     1   810
260503 1908 -16  1.09  14.0971776  DK8AF JN59 30           0  0.41  1  1    0  0  18    15   239
260503 1908 -23 -0.19  14.0971790  PA2PGU JO32 23          0  0.33  2  1    0  0  23     1   172
260503 1908 -29 -0.15  14.0971859  <...> JO22RD 23         0  0.17  1  1   -8  0  57   112   -49
260503 1908 -26  0.32  14.0971930  SK7BQ JO76 23           0  0.28  1  1    0  0  20     2   162
260503 1912 -16  0.37  14.0969897  DK1CC JN49 23          -2  0.42  1  1    0  0  13     1   320
260503 1912 -28 -0.32  14.0970011  G3PMY IO90 23           0  0.17  1  1    0  1  40     1   810
260503 1912 -23 -0.06  14.0970227  OE1UVA JN78 23          0  0.31  1  1    0  0  15     4   293
260503 1912 -18  4.80  14.0970336  G8PJH JO01 23           0  0.24  1  1    0  0  31    14   -61
260503 1912 -13 -0.10  14.0970410  DK3TG JN58 23           0  0.27  1  1    0  0  11     1   438
260503 1912 -13  0.37  14.0970436  M1EBU IO90 23           0  0.22  1  1    0  1  23     1   810
260503 1912 -19  0.11  14.0970522  G4HJE JO01 23           0  0.35  1  1    0  0   8     1   451
260503 1912 -25  0.28  14.0970563  DL3AAV JO52 23          0  0.21  2  1    0  1  38     1   810
260503 1912 -21  3.18  14.0970595  G6EJD IO81 20           0  0.22  1  1    0  0  31    96   -81
260503 1912 -13  0.37  14.0970781  G4HSB IO94 23           0  0.63  1  1    0  0   0     1   732
260503 1912 -15  5.02  14.0970976  PD9FER JO22 23          0  0.40  1  1    0  0  12     1   332
260503 1912 -13 -0.06  14.0971120  DB2OM JO52 23           0  0.32  1  1    0  0  25    76   -10
260503 1912 -14  1.39  14.0971139  PE1JXI JO20 10          0  0.23  1  1    0  0  20     1   141
260503 1912 -24  0.11  14.0971179  G8LIK IO93 23           0  0.17  1  1    0  0  27    96    -6
260503 1912 -15  1.13  14.0971254  DG7NFX JN59 23          0  0.27  1  1    0  1  33     1   810
260503 1912 -19  0.19  14.0971258  G3WPD IO91 27           0  0.22  3  2    0  1  32     1   810
260503 1912 -20  0.37  14.0971457  OK1VAW JO70 23          3  0.35  1  1    0  0  19     1   202
260503 1912 -21  2.37  14.0971518  2E0DLC IO93 23          0  0.27  2  1    0  0  25    11    91
260503 1912 -17 -0.45  14.0971537  MW0XMG IO81 23          0  0.32  1  1    0  0  19     1   209
260503 1912 -15  0.19  14.0971619  <PA0HV> JO21BU 23       0  0.49  1  1    0  0   5     1   490
260503 1912 -23 -0.36  14.0971671  PE1ANW JO31 23          0  0.15  1  1    0  0  31     6   -86
260503 1912 -29  0.11  14.0971700  PA1OSF JO22 17         -2  0.16  2  1    0  1  43     1   810
260503 1912 -18  0.11  14.0971864  G6GN IO81 30            0  0.49  1  1    0  0   5     1   561
260503_191600    14.096 Tx WSPR     0  0.0 1444 EA6AJT JM19 30
260503 1914 -21  0.11  14.0969998  DL0PBS JO33 23          0  0.13  1  1    0  0  27     1    59
260503 1914 -17  0.19  14.0970049  G7SYO IO90 27           0  0.47  1  1    0  0   1     1   715
260503 1914 -21  0.41  14.0970144  DL8ROA JN49 37         -1  0.19  2  1    0  1  41     1   810
260503 1914  -6  1.13  14.0970173  G8MCD IO91 23           0  0.74  1  1    0  0   1     1   491
260503 1914 -16  0.11  14.0970250  PA7D JO23 23            0  0.41  1  1    0  0   8     1   354
260503 1914 -17 -0.10  14.0970342  EA1FLU IN72 23          0  0.24  1  1    0  0  31     2    -2
260503 1914 -22  0.45  14.0970355  G1MEI IO91 23           0  0.16  2  1  -16  1  45     1   810
260503 1914 -17 -0.02  14.0970519  PH9K JO33 27            0  0.50  1  1    0  0   3     1   609
260503 1914 -28 -0.02  14.0970558  LA4PGA JP50 23          0  0.16  2  1    0  1  34     1   810
260503 1914 -23  5.53  14.0970778  G8PJH JO01 23           0  0.24  2  1    0  1  32     1   810
260503 1914 -16 -0.23  14.0970817  PA2PGU JO32 23          0  0.43  1  1    0  0  14     1   322
260503 1914 -21  0.62  14.0970882  DG3BD JO30 20           0  0.28  1  1    0  0  17     1   261
260503 1914 -10  0.19  14.0971011  M0WMG IO95 37           0  0.44  2  1    0  0  10     1   433
260503 1914  -6  0.24  14.0971026  G8LDJ JO01 33           0  0.27  1  1    0  0   5     1   527
260503 1914 -16  0.32  14.0971104  LB9CJ JO59 37           0  0.18  2  1    0  0  18     2    67
260503 1914 -10  0.96  14.0971142  PE1JXI JO20 10          0  0.22  1  1    0  0  31   140  -111
260503 1914 -14 -0.15  14.0971144  G6CKK JO01 23           0  0.20  2  1   16  1  36     1   810
260503 1914  -4  0.24  14.0971256  <G4LEN> IO81UT 37       0  0.58  1  1    0  0   1     1   611
260503 1914 -14  1.18  14.0971278  DL6NL JO50 33           0  0.44  2  1    0  0   7     1   410
260503 1914 -13  0.41  14.0971535  DK7MI JN67 20           0  0.57  1  1    0  0   1     1   657
260503 1914 -24  5.49  14.0971694  SA0YRL JO89 23          0  0.23  1  1  -16  0  30    67   -33
260503 1914 -19  0.15  14.0971828  CT1BAT IN50  0          0  0.51  1  1    0  0   0     1   708
260503 1914 -19  0.19  14.0971982  PA3AQR JO20 20          0  0.33  1  1    0  0  30    96    16
260503 1914 -19  0.11  14.0972013  ON4LUK JO11 23          0  0.42  1  1    0  0  20     2   120
260503 1918 -32 -0.02  14.0969975  SA7CND JO76 20          0  0.17  2  1    0  1  32     1   810
260503 1918 -16  0.24  14.0969988  ON2TSF JN29 20          0  0.44  1  1    0  0   1     1   719
260503 1918 -13  0.11  14.0970083  PA5BS JO21 20           0  0.42  1  1    0  0   2     1   615
260503 1918  -2  1.09  14.0970170  G8MCD IO91 23           0  0.83  1  1    0  0   0     1   786
260503 1918 -20  0.32  14.0970223  DF1GA JO61 23           0  0.23  2  1    0  1  36     1   810
260503 1918 -11  0.32  14.0970346  EA1FLU IN72 23          0  0.36  1  1    0  0  21     1   188
260503 1918 -24  5.44  14.0970607  M0JLJ JO01 23           0  0.27  1  1    0  0  24     1   200
260503 1918 -19  0.19  14.0970746  MW0XMG IO81 23          0  0.26  1  1    0  0  15     1   338
260503 1918 -10  3.69  14.0970808  <PB2GT> JO22RD 33       0  0.39  1  1    0  0  14     1   349
260503 1918 -21  0.15  14.0970810  G0IDE IO83 37           0  0.17  3  2   24  1  35     1   810
260503 1918 -15  0.11  14.0970907  YU1DGH KN03 23          0  0.22  1  1    0  0  16     1   220
260503 1918  -8 -0.15  14.0970994  G4LLI IO91 33           0  0.58  1  1    0  0   0     1   707
260503 1918 -18  0.71  14.0971051  DC6ZK JO52 30          -1  0.28  1  1    0  0  17     1   196
260503 1918 -18  0.28  14.0971104  LB9CJ JO59 37           0  0.16  2  1    0  1  29     1   810
260503 1918 -11  1.52  14.0971140  PE1JXI JO20 10          0  0.30  1  1    0  0  24     1   139
260503 1918 -10  0.07  14.0971243  PA3GHQ JO21 23          1  0.35  1  1    0  0   5     1   564
260503 1918 -22  1.09  14.0971257  DG7NFX JN59 23          0  0.24  2  1    0  0  26    41    95
260503 1918 -10  1.18  14.0971278  DL6NL JO50 33           0  0.38  1  1    0  0  11     3   335
260503 1918 -23  0.28  14.0971410  G3PMY IO90 23           0  0.24  1  1    0  0  29     4    84
260503 1918 -22  2.46  14.0971516  2E0DLC IO93 23          0  0.21  1  1    0  0  24     1    82
260503 1918 -22  0.24  14.0971539  OK1VAW JO70 23          3  0.24  1  1    0  0  25     3   100
260503 1918 -17  1.09  14.0971777  DK8AF JN59 30           0  0.43  1  1    0  0   9     1   444
260503_192200     7.039 Tx WSPR     0  0.0 1444 EA6AJT JM19 30
260503 1920 -19  4.42   7.0400108  IU1GLI JN34 23          0  0.37  1  1    0  0  19     4   119
260503 1920  -4  0.15   7.0400385  DK2DB JN48 37           0  0.54  1  1    0  0   2     1   276
260503 1920 -15  0.07   7.0400581  I0LYO JN52 23           0  0.34  1  1    0  0  22    26    11
260503 1920 -17  0.37   7.0400824  DK7MI JN67 20           0  0.30  1  1    0  0  21     2   -28
260503 1920 -19  0.75   7.0400860  F6IDT JN33 37           0  0.25  1  1    0  0  22     3    65
260503 1920 -10 -0.10   7.0401113  F4JNI JN24 23           0  0.43  1  1    0  0  13     4   110
260503 1920  -8  0.11   7.0401435  EA6LA JM19 23           0  0.43  1  1    0  0   2     1   372
260503 1924  -5  0.24   7.0400348  EA1FLU IN72 23          0  0.46  1  1    0  1  52     1   810
260503 1924 -24  0.07   7.0400522  PH9K JO33 27           -1  0.26  2  1    0  1  56     1   810
260503 1924 -21  0.45   7.0400562  G4HSB IO94 23           0  0.34  1  1    8  1  55     1   810
260503 1924 -18  4.72   7.0400824  SM7WDL JO76 23          0  0.38  1  1    0  1  48     1   810
260503 1924 -24  0.54   7.0400884  DG3BD JO30 20           0  0.28  1  1    0  1  44     1   810
260503 1924 -24  0.02   7.0401095  G3IUZ IO81 10           3  0.16  1  1   16  1  44     1   810
260503 1924 -13  1.13   7.0401148  PE1JXI JO20 10         -1  0.34  1  1    0  1  45     1   810
260503 1924  -6  0.24   7.0401248  G4LEN IO81 37           1  0.47  1  1    0  1  38     1   810
260503 1924 -14  1.13   7.0401280  DL6NL JO50 33          -1  0.41  2  1    0  0  37    15  -101
260503 1924 -19  0.32   7.0401500  G4GVZ IO81 37           0  0.45  1  1    0  1  45     1   810
260503 1924 -20  0.45   7.0401816  <G7KNK> IO91PH 23       0  0.48  1  1    0  0  39   345  -108
260503 1926  -8  0.07   7.0400095  G4GCI IO90 37           0  0.70  1  1    0  0   0     1   670
260503 1926  -4  1.09   7.0400172  G8MCD IO91 23           0  0.76  1  1    0  0   1     1   595
260503 1926  -8 -0.57   7.0400349  EA1FLU IN72 23          0  0.29  3  4    8  0  25   164  -221
260503 1926 -23  0.11   7.0400432  EU1ST KO33 37           0  0.21  1  1    0  0  23   271    -2
260503 1926 -18 -0.27   7.0400696  PA2PGU JO32 23          0  0.40  1  1    0  0   8     1   479
260503 1926 -27  0.28   7.0400748  M0NIF IO90 23           1  0.14  1  1    0  0  34   137   -94
260503 1926  -3  0.11   7.0400909  PA7D JO23 23            0  0.69  1  1    0  0   0     1   645
260503 1926 -11  0.19   7.0401010  G8LDJ JO01 33           0  0.35  1  1    0  0  29    48   -58
260503 1926 -17 -0.10   7.0401044  CS5TRG IN50 23          0  0.18  3  2   -8  1  33     1   810
260503 1926 -16 -0.40   7.0401135  MW0XMG IO81 23          0  0.21  2  1    0  1  31     1   810
260503 1926 -12  1.13   7.0401143  PE1JXI JO20 10          1  0.17  1  1  -32  1  38     1   810
260503 1926 -15  4.97   7.0401195  G8PJH JO01 23           0  0.41  1  1    0  0  16     1   278
260503 1926 -12  0.07   7.0401518  PI9ESA JO22 27          0  0.39  1  1    0  0  15     1   395
260503 1926 -16  0.02   7.0402013  ON4LUK JO11 23          1  0.59  1  1    0  0   2     1   563
260503_193000     7.039 Tx WSPR     0  0.0 1444 EA6AJT JM19 30
260503_193400     7.039 Tx WSPR     0  0.0 1444 EA6AJT JM19 30
260503 1932 -13  2.29   7.0400071  I0LYO JN52 23           0  0.22  1  1    0  0   9     1   372
260503 1932 -16  0.11   7.0400487  DG1GHR JN48 37          0  0.18  1  1    0  0  13     1   235
260503 1932  -7 -0.19   7.0400591  EA5UV IM99 23           0  0.29  1  1    0  0   1     1   548
260503 1932 -12  0.19   7.0400784  F4WCV JN13 23           0  0.17  1  1    0  0  22    15    57
260503 1932 -19  0.28   7.0401220  ON4WS JO20 30           0  0.17  1  1    0  0  17   157   199
260503 1932  -7  0.11   7.0401703  DL5UY JN48 43           0  0.25  1  1    0  0   4     1   470
260503 1936 -14  3.01   7.0400000  I0LYO JN52 23           0  0.17  1  1    0  1  22     1   810
260503 1936 -17  1.26   7.0400359  G4CAO IO91 27           0  0.18  1  1    0  0  17    13   151
260503 1936 -19 -0.23   7.0400527  PA2PGU JO32 23          0  0.22  1  1    0  0   8     1   398
260503 1936 -12 -0.19   7.0400763  F4WCV JN13 23           0  0.21  1  1    0  0  15     1   246
260503 1936 -13  0.15   7.0400861  EB1A IN53 27            0  0.15  1  1    0  1  28     1   810
260503 1936  -6 -0.19   7.0400990  <IU0JJD> JN61TP 23      0  0.23  1  1    0  0   4     1   386
260503 1936  -1  0.32   7.0401471  DL2JA JN58 40           0  0.21  1  1    0  0   2     1   433
260503 1936  -9  0.19   7.0401556  <PA7D> JO23VF 23        0  0.16  3  1  -64  0  31   154  -102
260503 1938  -6  0.19   7.0400385  DK2DB JN48 37           0  0.26  1  1    0  0   1     1   544
260503 1938 -18  5.40   7.0400614  M9XNL IO93 23           0  0.16  1  1    0  0  29   226   -71
260503 1938 -18  0.02   7.0401001  DK9ES JO31 23           0  0.23  1  1    0  0  20     1   184
260503 1938 -16  0.02   7.0401254  DL1FX JN49 23           0  0.20  1  1    0  0   9     1   309
260503 1938 -12 -0.15   7.0401395  F4WCV JN13 23           0  0.21  1  1    0  0   9     1   263
260503 1938 -13  3.95   7.0401750  I0LYO JN52 23           0  0.14  1  1    0  0  18    25   148
260503_194000     7.039 Tx WSPR     0  0.0 1444 EA6AJT JM19 30
260503 1942 -26 -0.96   7.0399981  F/PE0FKO 10             0  0.16  1  1    0  0  21     4    70
260503 1942 -18  5.06   7.0400185  M9XNL IO93 23           0  0.14  1  1    0  1  27     1   810
260503 1942 -13  0.15   7.0400861  EB1A IN53 27            0  0.15  1  1    0  0  16    10   250
260503 1942  -8  0.28   7.0401012  <...> JO22HB 37         1  0.22  1  1    0  0  46     1   361
260503 1942 -12 -0.45   7.0401133  F4WCV JN13 23           0  0.18  1  1    0  0  23    40    67
260503 1942 -17  0.19   7.0401226  ON4WS JO20 30           0  0.14  2  1   16  1  26     1   810
260503 1942 -13  0.15   7.0401549  F1JSC JN03 33           0  0.15  1  1    0  0  19     1   208
260503 1942 -11  0.66   7.0401708  I0LYO JN52 23           0  0.17  1  1    0  0  16     2   244
260503 1944 -18  5.36   7.0400018  IU1GLI JN34 23          0  0.16  1  1    0  0  15     1   224
260503 1944 -12 -0.19   7.0400440  IU0JJD JN61 23          0  0.16  1  1    0  1  23     1   810
260503 1944 -11 -0.10   7.0400791  G4HSB IO94 23           0  0.23  1  1    0  0   4     1   410
260503 1944 -13 -0.10   7.0401080  IZ1GCQ JN35 23          0  0.19  1  1    0  0  18     2   145
260503 1944 -13  0.32   7.0401386  F4WCV JN13 23           0  0.15  1  1    0  1  23     1   810
260503 1944 -18  0.37   7.0401523  DK7MI JN67 20           0  0.18  1  1    0  0  18     1   188
260503 1944  -6  0.15   7.0401703  DL5UY JN48 43           0  0.25  1  1    0  0   5     1   388
260503_194800     7.039 Tx WSPR     0  0.0 1444 EA6AJT JM19 30
260503 1946 -13  0.37   7.0400646  F4WCV JN13 23           0  0.15  1  1    0  0  23    36    58
260503 1946 -15  0.11   7.0400989  G6UZT IO82 37           0  0.14  1  1    0  0  25    35    11
260503 1946 -10  0.11   7.0401050  9A3ZI JN86  3           0  0.18  1  1    0  0  12     1   342
260503 1946 -17 -0.23   7.0401178  OE9PTI JN47 23          0  0.19  1  1    0  0  25     1   163
260503 1946 -15 -0.10   7.0401386  G3JKF JO00 33           0  0.23  1  1    0  0  16     4   259
260503 1946 -20 -0.19   7.0401479  E79Q JN83 23            0  0.20  1  1    0  1  41     1   810
260503 1946 -29  0.07   7.0401591  PA0HV JO21 23           0  0.14  1  1    0  1  40     1   810
260503 1946 -21  5.14   7.0401760  IU1GLI JN34 23          0  0.12  3  1   16  1  32     1   810
260503 1946 -19 -0.10   7.0401836  CS5WB IM68 23           0  0.11  3  1    0  1  26     1   810
260503 1946  -7  0.24   7.0401945  DK8EY JO31 37           0  0.20  1  1    0  0   5     1   392
260503 1950 -19  5.10   7.0400027  IU1GLI JN34 23          0  0.23  1  1    0  1  31     1   810
260503 1950 -13  0.24   7.0400155  F4WCV JN13 23          -1  0.33  1  1    0  0  15     1   117
260503 1950 -15 -0.15   7.0400306  DK3TG JN58 23           0  0.43  1  1    0  0   8     1   144
260503 1950 -10 -0.87   7.0400676  HA4GHR JN97 23          0  0.23  1  1    0  0   9     1   243
260503 1950 -19  0.66   7.0400809  F6IDT JN33 37           0  0.18  2  1    0  0  29   191  -105
260503 1950 -17  0.54   7.0400844  E79Q JN83 23            1  0.22  1  1    0  1  35     1   810
260503 1950 -21  5.66   7.0400905  M9XNL IO93 23           0  0.20  1  1    0  1  41     1   810
260503 1950 -17  0.11   7.0401001  DK9ES JO31 23           0  0.29  1  1    0  0  28    24   -54
260503 1950 -12  0.28   7.0401199  I0LYO JN52 23           0  0.32  1  1    0  0  19    11    55
260503 1950   4 -0.02   7.0401430  EA6LA JM19 23           1  0.23  1  1    0  0  14     1    86
260503 1950   5  0.28   7.0401476  DL2JA JN58 40           0  0.38  1  1    0  0   6     2   228
260503 1950 -19  0.07   7.0402027  OE5FXC JN87 23          1  0.29  1  1    0  0  18    45   -10
260503_195200     7.039 Tx WSPR     0  0.0 1444 EA6AJT JM19 30
260503 1954 -21 -0.96   7.0399981  F/PE0FKO 10             0  0.15  1  1    0  0  19     5   121
260503 1954 -19 -0.23   7.0400298  OE7AAI JN57 23          0  0.15  2  1    0  1  34     1   810
260503 1954 -10 -0.02   7.0400350  I0LYO JN52 23           0  0.43  1  1    0  0  13     1   353
260503 1954 -10 -0.15   7.0400592  G4HSB IO94 23           0  0.46  1  1    0  0  14     1   427
260503 1954 -23  0.11   7.0400679  E79Q JN83 23            0  0.18  1  1    0  1  40     1   810
260503 1954  -9  0.28   7.0400860  EB1A IN53 27            0  0.14  3  1  -24  1  33     1   810
260503 1954  -6 -0.06   7.0400884  F4WCV JN13 23           0  0.22  2  1  -32  1  38     1   810
260503 1954 -11 -0.15   7.0400951  IU0JJD JN61 23          0  0.40  1  1    0  0   7     1   488
260503 1954 -22  0.24   7.0401067  <M0NIF> IO90HX 23       0  0.21  1  1    0  0  25     2    28
260503 1954 -14 -0.02   7.0401256  DL1FX JN49 23           0  0.44  1  1    0  0   6     1   475
260503 1954 -16 -0.15   7.0401363  G7KIA IO93 23           0  0.21  1  1    8  1  29     1   810
260503 1954   1  0.62   7.0401605  DJ7KL JN48 37           0  0.49  1  1    0  0   2     1   572
260503 1954 -26 -0.15   7.0401845  <...> JN47FM 23         0  0.15  1  1    0  0  60    85   -89
260503 1954 -21 -0.23   7.0401961  PA2PGU JO32 23          0  0.29  1  1    0  0  15     1   281
260503 1954 -17  0.19   7.0402033  OE5FXC JN87 23          0  0.38  1  1    0  0  10     1   413
260503 1956 -18  4.76   7.0400009  IU1GLI JN34 23          0  0.24  1  1    0  0  19     1   186
260503 1956 -30  0.45   7.0400376  <G7KNK> IO91PH 23       0  0.18  3  2  -24  0  35   398  -112
260503 1956  -4 -0.19   7.0400955  <IU0JJD> JN61TP 23      0  0.43  1  1    0  0   1     1   567
260503 1956  -7 -0.02   7.0401001  G0TOV IO83 37           0  0.21  1  1    0  0  13     1   267
260503 1956  -8 -0.15   7.0401083  I0LYO JN52 23           0  0.40  1  1    0  0   5     1   483
260503 1956 -20 -0.15   7.0401366  <G7KIA> IO93ET 23       0  0.28  1  1    0  0  22     1    88
260503 1956 -22  2.24   7.0401490  LX2AR JN39 23           0  0.13  1  1  -32  1  38     1   810
260503 1956  -5 -0.15   7.0401594  EA5UV IM99 23           0  0.49  1  1    0  0   4     1   549
260503 1956 -19  5.23   7.0401728  M9XNL IO93 23           0  0.22  1  1    0  0  33   396   -60
260503 1956 -24 -0.19   7.0401758  CS5TRG IN50 23          0  0.16  3  2    0  1  39     1   810
260503 1956 -17  0.19   7.0402037  <OE5FXC> JN87BV 23      0  0.36  1  1    0  0   5     1   428
260503 1958 -24  1.90   7.0400043  LX2AR JN39 23           0  0.18  1  1   64  1  38     1   810
260503 1958 -25  0.02   7.0400121  M5TXJ IO84 23           1  0.18  1  1    0  0  30   370   -78
260503 1958 -21  5.14   7.0400199  M9XNL IO93 23           0  0.25  1  1    0  0  22    31   100
260503 1958 -16  5.66   7.0400269  IU1GLI JN34 23          0  0.14  1  1    0  0  30    71    46
260503 1958 -14  4.46   7.0400304  IW3QTG JN65 23          0  0.27  1  1    0  0  26   353    38
260503 1958 -20  0.71   7.0400311  2E0DSS IO82 33          0  0.21  3  2    0  0  32   100   -69
260503 1958 -25 -0.06   7.0400374  E79Q JN83 23            0  0.14  1  1    8  1  43     1   810
260503 1958 -22  0.07   7.0400436  DG1GHR JN48 37          0  0.35  1  1    0  0  11     1   369
260503 1958 -13 -0.10   7.0400819  OE7XZB JN57 23          0  0.23  1  1    0  1  28     1   810
260503 1958  -2  0.54   7.0401070  9A3ZI JN86  3           1  0.40  1  1    0  0  15     1   284
260503 1958 -12  0.07   7.0401151  PA7D JO23 23            0  0.39  1  1    0  0   6     1   500
260503 1958  -9 -0.36   7.0401326  I0LYO JN52 23           0  0.39  1  1    0  0   8     1   372
260503 1958 -20  2.07   7.0401392  G4VNM IO90 23           0  0.21  2  1   24  0  30   431  -176
260503 1958 -21 -0.15   7.0401828  OE1UVA JN78 23          0  0.20  1  1    0  0  23     8    22
260503 1958  -4  0.28   7.0401938  DK8EY JO31 37           0  0.34  1  1    0  0   5     1   464
260503 1958 -16  0.11   7.0402040  OE5FXC JN87 23          0  0.34  1  1    0  0  10     1   428
260503 2000 -19  5.40   7.0400360  IU1GLI JN34 23          0  0.33  1  1    0  0  16     3   190
260503 2000 -20  0.02   7.0400438  <DG1GHR> JN48AO 37      0  0.34  1  1    0  0  13     1   158
260503 2000 -20  0.11   7.0400673  CT1BAT IN50  0          0  0.19  1  1    0  0  24    13    71
260503 2000  -9  0.11   7.0400866  EB1A IN53 27            0  0.36  1  1    0  0   7     1   214
260503 2000 -13 -0.57   7.0400925  YO6FNF KN25 20          0  0.18  1  1    0  0  36   123   -86
260503 2000  -9 -0.10   7.0401004  G0TOV IO83 37           0  0.35  1  1    0  0  10     2   282
260503 2000  -6 -0.15   7.0401115  F4JNI JN24 23           0  0.36  1  1    0  0   8     3   192
260503 2000  -8  0.15   7.0401151  <PA7D> JO23VF 23        0  0.25  1  1    0  0  34   349  -120
260503 2000  -2  0.11   7.0401439  EA6LA JM19 23           0  0.51  1  1    0  0   0     1   451
260503 2000 -12  0.58   7.0401483  F6IDT JN33 37           0  0.22  2  1    0  1  35     1   810
260503 2000 -19 -0.32   7.0401576  PA2PGU JO32 23          1  0.22  1  1    0  1  43     1   810
260503 2000 -13 -0.23   7.0401664  IZ1GCQ JN35 23          0  0.38  1  1    0  0  14    11   226
260503 2000 -14 -0.40   7.0401817  I0LYO JN52 23           0  0.37  1  1    0  0  12     1   202
260503 2000 -20  0.41   7.0401959  DK7MI JN67 20           0  0.28  1  1    0  0  16     1   216
260503 2002 -16  5.31   7.0399930  IU1GLI JN34 23          0  0.18  1  1    0  0  14     1   209
260503 2002 -19  4.97   7.0400070  M9XNL IO93 23           0  0.13  1  1    0  0  19     6   177
260503 2002 -20  0.11   7.0400741  EI7II IO51 23           0  0.21  1  1    0  0  20     3   113
260503 2002 -16  0.11   7.0401006  DK9ES JO31 23           0  0.13  1  1    0  1  37     1   810
260503 2002 -12  0.45   7.0401067  I0LYO JN52 23           0  0.16  1  1    0  0  23     2    52
260503 2002  -9  0.02   7.0401261  DL1FX JN49 23           0  0.24  1  1    0  0  24     8   102
260503 2002  -9  0.54   7.0401338  F4WCV JN13 23           0  0.21  1  1    0  0  14     2   301
260503 2002 -15 -0.15   7.0401468  EA5RKP IM99 23          0  0.21  1  1    0  0  11     2   286
260503 2002 -10  0.24   7.0401553  F1JSC JN03 33           0  0.25  1  1    0  0   5     1   515
260506_180922    28.125 Tx WSPR     0  0.0 1444 EA6AJT JM19 30
260506_181000    28.125 Tx WSPR     0  0.0 1444 EA6AJT JM19 30
260506 1812  23 -0.02  28.1261717  EA6EE JM19 23           0  0.74  1  1    0  0   0     1   368
260506_181400    28.125 Tx WSPR     0  0.0 1444 EA6AJT JM19 30
260506_182000    28.125 Tx WSPR     0  0.0 1444 EA6AJT JM19 30
260506 1822  27 -0.06  28.1261991  <EA6EE> JM19HN 23       0  0.68  1  1    0  0   0     1   788
260506_182400    28.125 Tx WSPR     0  0.0 1444 EA6AJT JM19 30
260529_164303    28.125 Tx WSPR     0  0.0 1444 EA6AJT JM19 30
260529_164327    28.125 Tx WSPR     0  0.0 1444 EA6AJT JM19 37
260529_164400    28.125 Tx WSPR     0  0.0 1444 EA6AJT JM19 37
260529_164839    28.125 Tx WSPR     0  0.0 1444 EA6AJT JM19 30
260529_164842    28.125 Tx WSPR     0  0.0 1444 EA6AJT JM19 30
260529_165000    28.125 Tx WSPR     0  0.0 1444 EA6AJT JM19 30
260529_165200    28.125 Tx WSPR     0  0.0 1444 EA6AJT JM19 30
260529_165600    28.125 Tx WSPR     0  0.0 1444 EA6AJT JM19 37
260529 1658  34  0.07  28.1261157  EA6EE JM19 23           1  0.78  1  1    0  0   0     1   800
260529_170000    28.125 Tx WSPR     0  0.0 1444 EA6AJT JM19 37
260529_170400    28.125 Tx WSPR     0  0.0 1444 EA6AJT JM19 37
260529_170422    21.095 Tx WSPR     0  0.0 1444 EA6AJT JM19 37
260529_170600    21.095 Tx WSPR     0  0.0 1444 EA6AJT JM19 37
260529 1708  27 -0.15  21.0961469  <EA6AJ> JM19HN 23       0  0.72  1  1    0  0   0     1   810
260529_171000    21.095 Tx WSPR     0  0.0 1444 EA6AJT JM19 37
260529_171400    21.095 Tx WSPR     0  0.0 1444 EA6AJT JM19 37
260529_171800    21.095 Tx WSPR     0  0.0 1444 EA6AJT JM19 37
260529_172244    14.096 Tx WSPR     0  0.0 1444 TUNE
260529_172600    14.096 Tx WSPR     0  0.0 1444 EA6AJT JM19 37
260529 1724 -18  4.93  14.0969928  SM7XGC JO65 23          0  0.24  1  1    0  0  23     5   123
260529 1724 -16  5.06  14.0969987  PD9FER JO22 23          0  0.35  1  1    0  0   5     1   504
260529 1724 -14  4.76  14.0970182  SM7WDL JO76 23          0  0.30  1  1    0  0  14     1   308
260529 1724 -17  0.07  14.0970251  G0NFY IO93 20           0  0.26  1  1    0  0  24    62  -135
260529 1724 -24  0.28  14.0970470  DD0OI JO42 23           0  0.25  1  1    0  0  23     1   155
260529 1724 -12  0.15  14.0970736  YU1DGH KN03 23          0  0.45  1  1    0  0   3     1   540
260529 1724 -15  0.11  14.0970994  OH5XO KP41 27          -1  0.16  1  1   -8  1  38     1   810
260529 1724 -10  0.07  14.0971194  G8LIK IO93 23           0  0.58  1  1    0  0   2     1   581
260529 1724 -18 -0.02  14.0971377  SA7CND JO76 20          0  0.25  1  1    0  0  12     1   459
260529 1724 -18  0.28  14.0971443  OK1VAW JO70 23          2  0.18  1  1    0  1  35     1   810
260529 1724  -5  1.86  14.0971527  2E0DLC IO93 23          0  0.35  1  1    0  0   2     1   495
260529 1724  -4 -0.15  14.0971567  M3PMG IO93 37           0  0.50  1  1    0  0   7     1   427
260529 1724 -22 -0.02  14.0971715  RL3DF KO95 10           0  0.19  2  1   -8  1  46     1   810
260529_172800    14.096 Tx WSPR     0  0.0 1444 EA6AJT JM19 37
260529 1732  -3  0.49   7.0400136  F4WCV JN13 23           0  0.43  1  1    0  0  12     1   415
260529 1732 -12 -0.06   7.0400579  E79Q JN83 23            0  0.17  1  1    0  0  20     1   279
260529 1732 -17 -0.10   7.0400596  DK3TG JN58 23           0  0.31  2  1    0  0  17     1   242
260529 1732 -11 -0.27   7.0400688  IU1GLI JN34 23          0  0.36  1  1    0  0  23     1   211
260529 1732  -1  0.24   7.0400772  9A3ZI JN86  3           0  0.33  1  1    0  0   7     1   427
260529 1732  -5  5.70   7.0400919  EA3ABN JN11 23          0  0.36  1  1    0  0  16     1   317
260529 1732 -12  0.37   7.0401019  CT1BAT IN50  0          0  0.39  1  1    0  1  37     1   810
260529 1732 -10  0.41   7.0401049  DK7MI JN67 20           0  0.48  1  1    0  0   9     1   455
260529 1732  -4  0.49   7.0401206  IV3JJO JN66 37          0  0.42  1  1    0  0   8     1   464
260529 1732  -5  5.06   7.0401284  I0LYO JN52 23           0  0.49  1  1    0  0  13     1   359
260529 1732 -24  1.05   7.0401413  OK2SAM JN99 27          0  0.15  1  1    0  1  38     1   810
260529 1732 -17  0.02   7.0401634  IW1QLH JN43 17          4  0.39  1  1    0  0  24     1   170
260529 1732 -23 -0.83   7.0401732  F4HHR JN07 10           0  0.34  1  1    0  0  11     1   402
260529_173400     7.039 Tx WSPR     0  0.0 1444 EA6AJT JM19 37
260529_173800     7.039 Tx WSPR     0  0.0 1444 EA6AJT JM19 37
260529 1736 -19 -0.91   7.0399987  F/PE0FKO 10             0  0.48  1  1    0  0   5     1   486
260529 1736 -30  0.02   7.0400160  <...> JO22GE 13         0  0.18  3  3   -8  0  62   321  -134
260529 1736 -21 -0.15   7.0400470  F6FUZ JN05 23           0  0.24  1  1    0  0   9     1   388
260529 1736 -11  4.80   7.0400524  I0LYO JN52 23           0  0.40  1  1    0  0   7     1   419
260529 1736 -19 -0.27   7.0400624  IZ5MJO JN53 10          0  0.28  1  1    0  0  12     1   376
260529 1736 -14  0.15   7.0400710  DL5UY JN48 40           0  0.28  1  1    0  0  28     8    34
260529 1736 -15  0.02   7.0400736  <...> JN47TL 23         0  0.16  1  1  -16  0  62   223   -59
260529 1736  -6 -0.40   7.0400808  E79Q JN83 23            0  0.47  1  1    0  0   6     1   497
260529 1736 -19 -0.53   7.0401040  IK4PLZ JN54 20          0  0.22  2  1    0  0  22    36    92
260529 1736  -7  0.45   7.0401206  IV3JJO JN66 37          1  0.40  2  1    0  0  10     1   465
260529 1736   0 -0.15   7.0401256  <IU0JJD> JN61TP 23      0  0.62  1  1    0  0   0     1   671
260529 1736  -5  0.28   7.0401367  F4WCV JN13 23           0  0.34  2  1    0  0  13     1   347
260529 1736   5 -0.19   7.0401380  EA5UV IM99 23           0  0.50  1  1    0  0   2     1   490
260529 1736 -16 -0.19   7.0401434  OE7XZB JN57 23          0  0.22  2  1    0  0  22    10   178
260529 1736 -16  0.02   7.0401521  G3LRS IO92 27           0  0.17  1  1    0  0  20     1   201
260529 1736  -7  0.07   7.0401582  EA1LC IN53 23           0  0.43  1  1  -48  0  24   101   -71
260529 1736  -0  0.07   7.0401612  DJ7KL JN48 37           0  0.52  1  1    0  0   5     1   507
260529 1736 -19 -0.91   7.0401731  F4HHR JN07 10           0  0.25  1  1    0  0   8     1   470
260529 1736 -14  0.28   7.0401818  IU1GLI JN34 23          0  0.40  1  1    0  0  14     1   371
260529_174200     7.039 Tx WSPR     0  0.0 1444 EA6AJT JM19 37
260529 1740 -22  0.07   7.0400029  DL0PBS JO33 23          0  0.19  2  1    8  1  32     1   810
260529 1740 -11  0.15   7.0400076  IU1GLI JN34 23          0  0.44  1  1    0  0   7     1   307
260529 1740 -25 -0.32   7.0400264  IZ5MMH JN53 10          0  0.13  1  1   24  1  40     1   810
260529 1740  -1  3.14   7.0400406  EA3ABN JN11 23          0  0.44  1  1    0  0   5     1   416
260529 1740 -11 -0.57   7.0400531  IU3VGK JN55 23          0  0.38  1  1    0  0  14     1   329
260529 1740 -24 -0.10   7.0400600  G7KIA IO93 23           0  0.27  2  1    0  1  37     1   810
260529 1740 -19 -0.15   7.0400623  HB9AR JN36 23           0  0.30  1  1    0  0  31    29   -50
260529 1740 -28  0.15   7.0400688  DL6NL JO50 27           0  0.17  1  1    0  1  28     1   810
260529 1740 -12 -0.19   7.0400955  HB9HJL JN47 23          0  0.36  1  1    0  0  15     1   323
260529 1740 -17  0.37   7.0400967  DK7MI JN67 20           0  0.31  2  1    0  0  17     3   226
260529 1740 -10  0.37   7.0401206  IV3JJO JN66 37          0  0.38  1  1    0  0   9     1   416
260529 1740  -6  5.66   7.0401403  I0LYO JN52 23           0  0.40  1  1    0  0  13     1   353
260529 1740   6  0.11   7.0401533  HB9AK JN36 23           1  0.49  1  1    0  0  34     8   -17
260529 1740   7  0.11   7.0401563  EA6LA JM19 23           1  0.65  1  1    0  0   5     1   533
260529 1740  -9  0.07   7.0401607  <EA6URP> JM19IN 23      0  0.43  2  1    0  0   9     1   466
260529 1740 -14 -0.10   7.0401887  IK5ZAI JN53 23          0  0.43  1  1    0  0   2     1   527
260529_174600     7.039 Tx WSPR     0  0.0 1444 EA6AJT JM19 37
260529 1744  -8  5.31   7.0400152  I0LYO JN52 23           0  0.49  1  1    0  0   4     1   456
260529 1744  -4 -0.23   7.0400664  F4WCV JN13 23           0  0.45  1  1    0  0   5     1   494
260529 1744 -12  0.19   7.0400712  DL5UY JN48 40           0  0.12  1  1    0  0  22   106    89
260529 1744  -1  0.62   7.0400782  9A3ZI JN86  3           0  0.30  1  1    0  0  10     2   345
260529 1744 -20  1.56   7.0400970  DP6R JN49 23            0  0.28  1  1    0  0  22     3   222
260529 1744 -20 -0.23   7.0401051  <...> JN47FM 23         0  0.22  1  1    0  0  57     1   329
260529 1744  -9 -0.06   7.0401124  IU1GLI JN34 23          0  0.23  1  1    0  0   9     1   399
260529 1744  -3  0.32   7.0401177  E79Q JN83 23            0  0.34  1  1    0  0  27     1    26
260529 1744  -3  0.45   7.0401206  IV3JJO JN66 37          1  0.36  1  1   24  1  26     1   810
260529 1744 -13 -0.19   7.0401264  G4HSB IO94 23           0  0.20  3  1    0  0  29   154   -46
260529 1744  -7 -0.19   7.0401273  IU0JJD JN61 23          0  0.30  2  1    0  0  30   189    28
260529 1744  -3  0.24   7.0401293  G4LEN IO81 37           0  0.35  1  1    0  0  20     1   155
260529 1744   4  0.75   7.0401482  DL2JA JN58 40           0  0.58  1  1    0  0   2     1   628
260529 1744 -15  0.07   7.0401850  DL5MGR JN48 30          0  0.30  2  1    0  0  18     1   269
260529 1744   1 -0.19   7.0401891  EA5UV IM99 23           0  0.62  1  1    0  0   2     1   530
260529 1744 -20 -0.10   7.0401957  OK1ER JN69 23           0  0.21  2  1    0  0  28     2    62
260529_175000     7.039 Tx WSPR     0  0.0 1444 EA6AJT JM19 37
260529 1748 -19 -0.96   7.0399986  F/PE0FKO 10             0  0.47  1  1    0  0   2     1   593
260529 1748 -23 -0.06   7.0400129  DB2OM JO52 23           0  0.28  1  1    0  1  33     1   810
260529 1748 -23  0.15   7.0400196  CT1BAT IN50  0          0  0.30  1  1    0  0  19     1   239
260529 1748  -3  4.76   7.0400529  EA3ABN JN11 23         -1  0.42  1  1    0  0  18     1   208
260529 1748 -10 -0.02   7.0400532  E79Q JN83 23            0  0.20  2  1    0  1  38     1   810
260529 1748 -19  0.11   7.0400659  IZ2FER JN45 20          0  0.28  1  1    0  1  40     1   810
260529 1748 -19  0.15   7.0400690  DL6NL JO50 27           0  0.28  1  1    0  1  23     1   810
260529 1748 -15 -0.32   7.0400848  IU1GLI JN34 23          0  0.22  1  1    0  0  13     1   330
260529 1748  -8  0.28   7.0400942  DC1UI JN49 37           0  0.42  1  1    0  0   3     1   496
260529 1748 -19  1.47   7.0400967  DP6R JN49 23            0  0.19  2  1    0  1  34     1   810
260529 1748 -10  0.11   7.0401025  <DG1GHR> JN48AO 37      0  0.22  3  1  -32  0  28    80  -110
260529 1748  -4  0.58   7.0401034  F4WCV JN13 23           0  0.34  1  1    0  0  12     1   375
260529 1748  -5  0.66   7.0401114  F6IDT JN33 37           0  0.62  1  1    0  0   0     1   598
260529 1748  -4  0.58   7.0401207  IV3JJO JN66 37          0  0.45  1  1    0  0  11     1   398
260529 1748 -20 -0.32   7.0401389  G4VNM IO90 23           0  0.24  1  1    0  0  15     1   272
260529 1748   1  0.07   7.0401610  DJ7KL JN48 37           0  0.50  1  1    0  0   3     1   541
260529 1748  -6  5.23   7.0401682  I0LYO JN52 23           0  0.37  1  1    0  0   8     1   412
260529 1748 -17  0.15   7.0402024  OE5FXC JN87 23          0  0.38  1  1    0  0   7     1   460
260702 1736 -15  0.37  28.1259996  G4GCI IO90 37           0  0.44  1  1    0  0  10     1   107
260702 1736 -25  0.07  28.1260423  G4SHS IO90 40           0  0.18  3  4    0  0  19     6    -2
260702 1738   7 -0.06  28.1260632  G0MBA JO01 23           0  0.68  1  1    0  0   0     1   519
260702 1738   6 -0.02  28.1260725  G0PKT JO01 23           0  0.66  1  1    0  0   1     1   582
260702 1738 -12  0.07  28.1261251  G4LEN IO81 37           0  0.42  1  1    0  0   7     1   329
260702 1738 -22 -0.02  28.1261722  G3JKF JO00 33           0  0.25  1  1    0  0  12     1   265
260702_174000    28.125 Tx WSPR     0  0.0 1444 EA6AJT JM19 30
260702 1742  35 -0.23  28.1260488  <EA6EE> JM19HN 23       0  0.60  1  1    0  0   0     1   782
260702 1742 -23 -0.32  28.1261491  <EA6EE> JM19HN 23       0  0.35  1  1   -8  0  21    20   -70
260702 1742 -29  0.02  28.1261586  G4SHS IO90 40           1  0.24  1  1    0  1  38     1   810
260702_174400    28.125 Tx WSPR     0  0.0 1444 EA6AJT JM19 30
260702 1746  -1  0.41  28.1260822  EB1A IN53 27            1  0.24  1  1    0  0  14     2     5
260702_174800    28.125 Tx WSPR     0  0.0 1444 EA6AJT JM19 30
260702_175200    14.096 Tx WSPR     0  0.0 1444 EA6AJT JM19 30
260702 1750  -5 -0.19  14.0969900  IU0JJD JN61 23          1  0.39  1  1  -32  1  58     1   810
260702 1750 -11 -0.23  14.0970041  G6CKK JO01 23           0  0.33  1  1   -8  1  54     1   810
260702 1750  14 -0.23  14.0970231  <EA6EE> JM19HN 23       0  0.71  1  1    0  0  24     1   277
260702 1750  -5 -0.06  14.0971016  9H2RA JM75 23           0  0.30  1  1    8  1  52     1   810
260702 1750 -12 -0.15  14.0971034  HA6QL JN97 33          -1  0.42  2  1   32  1  60     1   810
260702 1750 -32 -0.23  14.0971230  <EA6EE> JM19HN 23       0  0.14  3  4    0  0  26   401  -121
260702 1750 -14 -0.06  14.0971317  ON4DM JO11 23           0  0.42  1  1    0  1  55     1   810
260702 1754  -0 -0.02  14.0970187  G8MCD IO91 23           0  0.52  1  1    0  0  16     1   308
260702 1754  -3  4.03  14.0970224  DL2MGH JN67 23          0  0.29  1  1    0  0  21     1   261
260702 1754 -16 -0.19  14.0970456  DL7ATE JN68 20          1  0.43  1  1    0  0  18     1   275
260702 1754 -19  4.63  14.0970625  F4EKH IN97 23           1  0.22  1  1   16  0  29   122   -69
260702 1754 -19  2.97  14.0970675  PD9FER JO22 23          1  0.23  1  1    0  1  37     1   810
260702 1754 -18 -0.10  14.0970833  DB2OM JO52 23           1  0.30  1  1    0  0  26     4    92
260702 1754 -15 -0.02  14.0971027  M0WMG IO95 37           1  0.32  1  1    0  0  37    43   -14
260702 1754 -16  0.28  14.0971381  ON5AJ JO11 23           0  0.28  1  1    0  0  29     1    80
260702 1754 -20 -0.10  14.0971400  DD4DE JO54 23           0  0.23  2  1    0  1  43     1   810
260702 1754 -23  0.11  14.0971980  PD0PF JO22 23           0  0.29  1  1    0  0  28   145   -64
260702_175800    14.096 Tx WSPR     0  0.0 1444 EA6AJT JM19 30
260702 1800  -5 -0.23  14.0970151  IU0JJD JN61 23          0  0.58  1  1    0  0   0     1   484
260702 1800 -16 -0.10  14.0970208  G4BAV JO02 20          -1  0.29  2  1    0  0  24     1   185
260702 1800 -16  4.85  14.0970245  DG6RCH JN68 23          0  0.18  1  1   64  0  37   227   -90
260702 1800 -13  0.28  14.0970539  G4HJE JO01 23           0  0.46  1  1    0  0   6     1   453
260702 1800 -17  4.67  14.0970722  PD9FER JO22 23          0  0.29  1  1    0  0  21     3   217
260702 1800 -19  0.11  14.0970901  EI7II IO51 23           0  0.17  3  4   56  1  42     1   810
260702 1800 -10  0.02  14.0970985  PA4JAM JO21 23          0  0.35  2  1    0  0  19     4    89
260702 1800  -0 -0.10  14.0971028  9H2RA JM75 23           0  0.58  1  1    0  0   1     1   531
260702 1800 -16 -1.55  14.0971094  G6WZA IO80 23           0  0.22  1  1    0  0  20     3   285
260702 1800 -18 -0.19  14.0971213  G8LIK IO93 23           0  0.29  1  1    0  0  31     4   109
260702 1800 -14 -0.10  14.0971312  ON4DM JO11 23           1  0.13  1  1    0  0  29    35    39
260702 1800 -12 -0.15  14.0971359  <PA7D> JO23VF 23        0  0.40  1  1    0  0   3     1   521
260702 1800 -19 -0.15  14.0971946  PD1RE JO22 23           0  0.39  1  1    0  0   8     1   413
260702 1802   5 -0.06  14.0970161  <IU0JJD> JN61TP 23      0  0.40  1  1  -24  0  35    57   -61
260702 1802   7 -0.02  14.0970192  G8MCD IO91 23           0  0.66  1  1    0  0   4     5   551
260702 1802 -14  5.61  14.0970267  SM7WDL JO76 23          0  0.20  2  1  -16  1  40     1   810
260702 1802 -16 -0.19  14.0970494  ON5AJ JO11 23           0  0.28  1  1    0  0  21     5   228
260702 1802 -18 -0.57  14.0970762  DL5NEG JN59 20          0  0.28  1  1    0  0  24     9   123
260702 1802 -16  0.15  14.0970882  EB1A IN53 27            0  0.26  1  1   32  1  43     1   810
260702 1802 -16  0.07  14.0970911  M0XDC JO01 23           0  0.27  1  1    0  0  29   288    86
260702 1802 -12 -0.19  14.0971085  DB2OM JO52 23           0  0.39  1  1    0  0   9     1   272
260702 1802  -7  2.07  14.0971212  G0HZG IO92 37           0  0.57  1  1    0  0   1     1   485
260702 1802 -16  4.93  14.0971240  DG6RCH JN68 23          0  0.23  2  1    0  0  29    48   -67
260702 1802 -21  1.73  14.0971536  2E0DLC IO93 23          0  0.29  1  1    0  1  33     1   810
260702 1802 -20  0.19  14.0971675  M8IKV JO01 23           0  0.37  1  1    0  0  21     1   198
260702 1802 -23 -0.10  14.0972039  ON4LUK JO11 23          1  0.34  1  1    0  0  10     1   365
260702 1804 -25 -1.04  14.0969962  F/PE0FKO 10             0  0.21  1  1    0  0  26    28    74
260702 1804 -26  0.96  14.0970381  G7UJY IO93 23           0  0.14  3  2    0  1  41     1   810
260702 1804 -19 -0.40  14.0970535  ON5AJ JO11 23           0  0.18  2  1   -8  1  39     1   810
260702 1804 -12 -0.02  14.0970538  G3LRS IO92 23           0  0.42  1  1    0  0  16     1   229
260702 1804 -10 -0.15  14.0970674  EA1LC IN53 23           0  0.51  1  1    0  0   3     2   445
260702 1804 -14 -0.32  14.0970914  DK3TG JN58 23           1  0.25  1  1    0  0  21     1   178
260702 1804  -9  0.11  14.0970996  DK9ES JO31 23           0  0.27  2  1  -24  1  40     1   810
260702 1804  -0  0.24  14.0971012  G4HSB IO94 23           0  0.27  1  1  -24  1  42     1   810
260702 1804   1  0.19  14.0971040  9H1UG JM75 27           1  0.43  1  1    0  0  17     4   287
260702 1804 -10 -1.47  14.0971101  G6WZA IO80 23           0  0.36  1  1    0  0   6     1   463
260702 1804 -15 -0.19  14.0971220  G8LIK IO93 23           0  0.16  1  1    0  1  30     1   810
260702 1804 -18 -0.15  14.0971283  DL1FX JN49 23           0  0.19  3  2   24  1  36     1   810
260702 1804 -11 -0.23  14.0971339  G7HIP IO90 23           0  0.38  1  1    0  0  20     1   117
260702 1804  -5  0.07  14.0971436  PA0PPW JO21 23          0  0.52  1  1    0  0   4     1   466
260702 1804 -14 -0.70  14.0971512  DL5NEG JN59 20          1  0.13  1  1   -8  1  40     1   810
260702 1804 -15  4.89  14.0971864  DG6RCH JN68 23          0  0.36  1  1    0  0  18     2   321
260702_180800    14.096 Tx WSPR     0  0.0 1444 EA6AJT JM19 30
260702 1806 -15  0.41  14.0969990  PD9FER JO22 23          0  0.28  1  1    0  0  16     1   315
260702 1806   3 -0.06  14.0970196  G8MCD IO91 23           0  0.77  1  1    0  0   0     1   664
260702 1806  -1 -0.06  14.0970253  M0MVB JO02 33           0  0.69  1  1    0  0   0     1   598
260702 1806  -9 -0.27  14.0970588  G6CKK JO01 23           0  0.57  1  1    0  0   3     1   488
260702 1806 -14 -0.15  14.0970675  <EA1LC> IN53SI 23       0  0.40  1  1    0  0  19     1   244
260702 1806 -26  0.24  14.0970818  M8IKV JO01 23           0  0.13  1  1  -48  1  46     1   810
260702 1806 -19  4.80  14.0971146  DG6RCH JN68 23          0  0.19  1  1    0  1  32     1   810
260702 1806 -11  2.07  14.0971222  G0HZG IO92 37           0  0.55  1  1    0  0   0     1   543
260702 1806 -18 -0.06  14.0971355  DL2NDE JO50 30          0  0.33  1  1    0  0  21     7    54
260702 1806  -7 -0.10  14.0971548  PI9ESA JO22 27          0  0.60  1  1    0  0   2     1   454
260702 1806 -18 -0.10  14.0971579  G6PSZ IO82 23           0  0.20  2  1    8  1  47     1   810
260702 1810 -27 -1.09  14.0969956  F/PE0FKO 10             0  0.23  1  1    0  0  30    12     9
260702 1810 -22  0.19  14.0970020  <M0NIF> IO90HX 23       0  0.26  1  1    0  0  21     1   138
260702 1810 -21  0.02  14.0970128  DM2HR JN58 33           1  0.17  1  1    0  0  31   402  -130
260702 1810  -4 -0.06  14.0970192  G8MCD IO91 23           0  0.78  1  1    0  0   1     1   561
260702 1810 -21  0.02  14.0970212  G4BAV JO02 20           0  0.14  2  1  -24  1  45     1   810
260702 1810 -22  0.19  14.0970257  PD9FER JO22 23          0  0.20  1  1    0  0  24     3    28
260702 1810 -17 -0.02  14.0970390  PD1RE JO22 23           0  0.44  1  1    0  0   9     1   435
260702 1810 -18  0.28  14.0970567  9A3ZI JN86  3           0  0.17  2  1    8  1  42     1   810
260702 1810 -19  0.02  14.0970592  G4HSB IO94 23           0  0.20  2  1    0  1  43     1   810
260702 1810 -14 -0.06  14.0970605  YU1DGH KN03 23          0  0.36  1  1    0  0   8     1   449
260702 1810 -13 -0.19  14.0970664  IU0JJD JN61 23          0  0.60  1  1    0  0   3     1   592
260702 1810 -27  0.62  14.0970869  OE7GMT JN57 30         -4  0.12  1  1    0  1  45     1   810
260702 1810  -9 -0.06  14.0971034  9H2RA JM75 23           0  0.65  1  1    0  0   8     1   437
260702 1810 -25  0.02  14.0971175  G4DEU IO81 20           0  0.22  1  1    0  0  28    20    94
260702 1810 -19  2.03  14.0971221  G0HZG IO92 37           0  0.40  1  1    0  0   1     1   570
260702 1810 -21 -0.10  14.0971314  ON4DM JO11 23           0  0.47  1  1    0  0  14     1   335
260702 1810 -19 -0.02  14.0971478  DA1KL JN58 30           0  0.41  1  1    0  0   6     1   365
260702 1810 -29  0.11  14.0971670  G3JKF JO00 33           0  0.21  1  1    0  0  26     3   159
260702 1810 -25  4.85  14.0971682  DG6RCH JN68 23          0  0.17  1  1   24  1  34     1   810
260702 1810 -26 -0.23  14.0971791  PE1GYC JO22 23          0  0.30  1  1    0  0  31     2     1
260702 1810 -27 -0.19  14.0971852  SM7PNS JO66 23          0  0.22  1  1    0  0  21     1   208
260702 1810 -13  3.99  14.0971930  DL2MGH JN67 23          0  0.48  1  1    0  0   5     1   397
260702 1810 -18 -0.15  14.0972017  GM3RQQ IO75 37          0  0.32  2  1    0  0  20     3   172
260702 1810 -10 -0.15  14.0972033  PA7D JO23 23            0  0.51  1  1    0  0   1     1   458
260702_181400    14.096 Tx WSPR     0  0.0 1444 EA6AJT JM19 30
260702 1812 -19  1.09  14.0969899  PD4PA JO21 37           0  0.46  1  1    0  0  42    16   -44
260702 1812 -24 -0.10  14.0970083  SP9PWS KN09 13          0  0.22  2  1    0  0  34   492   -89
260702 1812 -17  0.28  14.0970157  DL8ROA JN49 37          0  0.37  2  1    0  0  12     1   352
260702 1812 -12 -0.23  14.0970196  OK1BF JO70 23           0  0.48  1  1    0  0   0     1   644
260702 1812  -9 -0.06  14.0970256  M0MVB JO02 33           0  0.61  1  1    0  0   7     1   422
260702 1812 -19  0.19  14.0970404  ON5AJ JO11 23           0  0.36  1  1    0  0  10     1   350
260702 1812  -7 -0.27  14.0970667  <IU0JJD> JN61TP 23      0  0.61  1  1    0  0   2     1   531
260702 1812 -18  0.15  14.0970702  <G4LRP> IO91TA 30       0  0.35  2  1    0  0  13     1   405
260702 1812 -18  4.67  14.0970921  F4EKH IN97 23           0  0.32  1  1    0  0  20     1   206
260702 1812 -17 -0.10  14.0970992  M0XMP JO02 23           0  0.37  1  1    0  0  32     4    45
260702 1812 -16 -0.06  14.0971022  DK6IT JO62 23           0  0.40  1  1    8  0  23   107  -106
260702 1812 -23 -1.47  14.0971104  G6WZA IO80 23           0  0.29  2  1    0  0  25     6    81
260702 1812 -17 -0.10  14.0971150  PD9FER JO22 23          0  0.37  1  1    0  0  19     1   163
260702 1812 -25 -0.15  14.0971214  G8LIK IO93 23           0  0.22  1  1    0  0  21     1   187
260702 1812 -21  1.56  14.0971327  DF6LT JO43 23           1  0.28  2  1    0  0  28     5   101
260702 1812 -12  0.07  14.0971328  PA0PPW JO21 23          0  0.46  1  1    0  0   8     1   403
260702 1812 -16 -0.02  14.0971434  G3WPD IO91 27           0  0.49  1  1    0  0   3     1   434
260702 1812 -26  1.60  14.0971537  2E0DLC IO93 23          0  0.22  1  1    0  0  27    35   -23
260702 1812 -26 -0.74  14.0971578  RL3DF KO95 10           0  0.19  1  1    0  1  36     1   810
260702 1812 -20  4.76  14.0971922  DG6RCH JN68 23          0  0.28  1  1    0  0  14     1   343
260702 1812  -4 -0.10  14.0972037  <PA7D> JO23VF 23        0  0.65  1  1    0  0   1     1   514
260723_221859     7.039 Tx WSPR     0  0.0 1444 EA6AJT JM19 30
260723_222000     7.039 Tx WSPR     0  0.0 1444 EA6AJT JM19 30
260723 2222   1  0.11   7.0400106  <EA6URP> JM19IN 23      0  0.74  1  1    0  0   0     1   447
260723 2222 -21 -0.32   7.0400360  PA2PGU JO32 23          1  0.31  1  1    0  0  12     1   367
260723 2222 -20 -0.06   7.0400507  F4BAD JN25 20          -2  0.38  1  1    0  0   1     1   670
260723 2222  -6  0.28   7.0400832  I0LYO JN52 23           0  0.37  1  1    0  0   9     1   281
260723 2222  -8 -0.23   7.0400981  EA1LC IN53 23           1  0.58  1  1    0  0   2     1   536
260723 2222  -8 -0.15   7.0401224  ON4WS JO20 30           1  0.19  1  1    0  0  13     1   409
260723 2222  -5 -0.15   7.0401261  DL1FX JN49 23           0  0.42  1  1    0  0   7     1   531
260723 2222 -13 -0.32   7.0401325  ON5MB JO10 23           1  0.19  1  1    0  0  30     6    22
260723 2222   3  0.37   7.0401483  DL2JA JN58 37           0  0.51  1  1    0  0   1     1   641
260723 2222 -22 -1.04   7.0401818  F4HHR JN07 10           0  0.30  2  1    0  0  21     1   231
260723 2222 -14 -0.06   7.0401850  G6GN IO81 30            0  0.42  1  1    0  0  10     1   456
260723 2224 -22 -0.96   7.0399989  F/PE0FKO 10             0  0.32  1  1    0  0  10     1   436
260723 2224  -9  0.32   7.0400075  I0LYO JN52 23           0  0.49  1  1    0  0  16     1   221
260723 2224  -9  0.02   7.0400206  G0KRB JO02 37           0  0.55  1  1    0  0   1     1   619
260723 2224 -18  0.28   7.0400759  DL6NL JO50 27           0  0.26  1  1    0  0  16     1   356
260723 2224  -3 -0.15   7.0400874  EB1A IN53 27            0  0.20  1  1    0  0   3     1   464
260723 2224  -2 -0.27   7.0400920  G4HSB IO94 23           0  0.38  1  1    0  0   3     1   546
260723 2224 -14  0.07   7.0400936  CT1BAT IN50  0          0  0.23  2  1    0  0  16     2   265
260723 2224  -5 -0.23   7.0400986  <EA1LC> IN53SI 23       0  0.47  1  1    0  0   3     1   622
260723 2224  -2  0.54   7.0401056  9A3ZI JN86  3           0  0.46  1  1    0  0   6     1   468
260723 2224 -15 -0.62   7.0401249  ON5MB JO10 23           0  0.30  1  1    0  0  13     2   356
260723 2224  -7 -0.02   7.0401399  F1JSC JN03 33           0  0.61  1  1    0  0   1     1   602
260723 2224 -15 -0.27   7.0401525  GM8HHC IO85 23          0  0.39  1  1    0  0   8     1   383
260723 2224  -8 -0.36   7.0401646  ON7AN JO20 27           0  0.37  1  1    0  0  17     1   281
260723 2224  -7 -0.27   7.0401674  OE7XZB JN57 23          0  0.40  1  1    0  0  23     4    49
260723 2224  -6 -0.27   7.0401736  EA5UV IM99 23           0  0.54  1  1    0  0   2     1   591
260723 2224 -20 -0.19   7.0401747  GM7FIE IO85 23          0  0.24  3  2  -16  1  35     1   810
260723 2224 -20 -1.00   7.0401822  F4HHR JN07 10           0  0.34  1  1    0  0   9     1   543
260723 2226 -34 -0.15   7.0400094  CS5WB IM68 23           0  0.20  1  1    0  0  27     3    19
260723 2226 -17 -0.02   7.0400482  PD0PF JO22 23           0  0.44  1  1    0  0   3     1   506
260723 2226 -11 -0.06   7.0400640  G8ORM IO93 33           0  0.50  1  1    0  0   0     1   526
260723 2226 -13 -0.10   7.0401005  DK9ES JO31 23           0  0.39  1  1    0  0   6     1   531
260723 2226  -4 -0.27   7.0401119  OK2NMA JN89 23          0  0.69  1  1    0  0   3     1   505
260723 2226   3 -0.27   7.0401236  IU0JJD JN61 23          0  0.76  1  1    0  0   0     1   690
260723 2226 -16 -0.87   7.0401393  G4VNM IO90 23           0  0.28  1  1    0  0  22     1   219
260723 2226  -9  0.37   7.0401530  ON5MB JO10 23           0  0.18  1  1    0  0  23    22   153
260723 2226  -5 -0.83   7.0401579  HA4GHR JN97 23          0  0.16  1  1    8  1  29     1   810
260723 2226  -5 -0.15   7.0401611  G3JKF JO00 33           0  0.44  1  1    0  0  11     1   326
260723 2226 -13 -0.27   7.0401671  OK1BF JO70 23           0  0.41  1  1    0  0   7     1   519
260723 2226  -4  0.11   7.0401836  I0LYO JN52 23           0  0.42  1  1    0  0   9     1   392
260723 2226 -20  0.28   7.0401894  HB9T JN36 23            0  0.16  3  2  -32  1  39     1   810
260723_222800     7.039 Tx WSPR     0  0.0 1444 EA6AJT JM19 30
260723_223200     7.039 Tx WSPR     0  0.0 1444 EA6AJT JM19 30
260723 2230 -23 -0.96   7.0399990  F/PE0FKO 10             0  0.42  1  1    0  0   1     1   667
260723 2230 -31 -0.27   7.0400054  G7GGK IO80 23           0  0.20  1  1    0  0  32   219  -148
260723 2230 -23 -0.27   7.0400127  GM4ISM IO85 23          0  0.35  1  1    0  0  11     1   414
260723 2230 -16  0.07   7.0400270  ON5MB JO10 23           0  0.46  1  1    0  0   7     1   543
260723 2230 -13 -0.15   7.0400377  G6GN IO81 30            0  0.53  1  1    0  0   3     1   568
260723 2230  -3 -0.06   7.0400876  EB1A IN53 27            0  0.43  1  1    0  0   5     1   460
260723 2230   3  0.07   7.0401059  9A3ZI JN86  3           0  0.58  1  1    0  0   5     1   488
260723 2230 -22 -0.15   7.0401253  DK3BI JN49 23           1  0.19  1  1    0  0  24     2   134
260723 2230 -21  0.02   7.0401309  PD1RE JO22 23           0  0.26  1  1    0  0  24     4   118
260723 2230 -15 -0.32   7.0401385  DK3TG JN58 23           1  0.27  1  1    0  0  20     1   229
260723 2230 -20 -0.83   7.0401392  G4VNM IO90 23           0  0.24  2  1    0  0  30    83   -58
260723 2230   4 -0.10   7.0401591  EA6LA JM19 23           1  0.78  1  1    0  0   0     1   696
260723 2230 -16  0.19   7.0401866  <M0NIF> IO90HX 23       0  0.23  1  1  -16  0  20   276     3
260723_223600     7.039 Tx WSPR     0  0.0 1444 EA6AJT JM19 30
260723 2234  -4 -1.60   7.0400186  HA4GHR JN97 23          0  0.22  3  4  -16  1  28     1   810
260723 2234  -2 -0.06   7.0400211  G0KRB JO02 37           0  0.27  1  1    0  1  23     1   810
260723 2234 -18  0.66   7.0400295  <...> IO82WL 37         0  0.22  2  1   -8  0  56    58   -28
260723 2234  -2  0.07   7.0400337  <EA6URP> JM19IN 23      0  0.64  1  1    0  0   1     1   574
260723 2234  -9  0.02   7.0400367  <HB9AR> JN36BE 23       0  0.45  1  1  -48  0  33   496  -262
260723 2234 -17 -0.23   7.0400604  DB2OM JO52 23           0  0.18  2  1  -16  1  32     1   810
260723 2234   1 -0.32   7.0400642  G4HSB IO94 23           0  0.65  1  1    0  0   1     1   617
260723 2234 -10 -0.15   7.0400877  DL4XJ JO42 30           0  0.39  1  1    0  0  10    68   -13
260723 2234 -15 -0.27   7.0401072  ON5MB JO10 23           0  0.36  1  1    0  0   8     1   372
260723 2234 -25 -0.19   7.0401170  IZ2FER JN45 20          0  0.22  1  1    0  0  23    29    75
260723 2234 -20 -0.15   7.0401257  DK3BI JN49 23           0  0.22  1  1   -8  1  40     1   810
260723 2234   3  0.37   7.0401488  DL2JA JN58 37           1  0.55  1  1    0  0   0     1   632
260723 2234 -16 -0.40   7.0401566  PC4T JO22 23            1  0.22  2  1    0  1  39     1   810
260723 2234 -17 -0.40   7.0401596  <F6FUZ> JN05ID 23       0  0.32  2  1    0  0  33     6   -29
260723 2234  -5 -0.49   7.0401714  I0LYO JN52 23           0  0.53  1  1    0  0   1     1   587
260723 2234 -21 -1.09   7.0401822  F4HHR JN07 10           0  0.19  1  1    0  0  19     5   171
260723 2234 -21 -0.02   7.0401847  M0OLS IO81 23           0  0.16  1  1    0  1  37     1   810
260723 2238 -17 -0.10   7.0400130  M5TXJ IO84 23           0  0.43  1  1    0  0   9     1   452
260723 2238  -7  0.37   7.0400515  I0LYO JN52 23           0  0.42  1  1    0  0   3     1   478
260723 2238  -1 -0.32   7.0400617  <IU0JJD> JN61TP 23      0  0.63  1  1    0  0   1     1   616
260723 2238   1 -0.06   7.0400736  DL9GCW JN48 33          0  0.60  1  1    0  0   0     1   565
260723 2238 -14 -0.32   7.0400823  ON5MB JO10 23           0  0.22  1  1    0  0  19     1   250
260723 2238 -10 -0.19   7.0400992  DG1GHR JN48 37          0  0.31  1  1    0  0   5     1   610
260723 2238 -16 -0.10   7.0401007  DK9ES JO31 23           0  0.27  2  1    0  0  13     1   304
260723 2238  -8 -0.15   7.0401235  PD0PF JO22 23           0  0.26  1  1   40  1  38     1   810
260723 2238  -6 -0.19   7.0401267  <DL1FX> JN49GR 23       0  0.50  1  1    0  0   3     1   558
260723 2238   7 -0.06   7.0401616  DJ7KL JN48 37           0  0.63  1  1    0  0   1     1   601
260723 2238 -19 -0.96   7.0401823  F4HHR JN07 10           0  0.21  2  1    0  0  25    19    46
260723 2238  -9  0.45   7.0401845  F6IDT JN33 37           0  0.51  1  1    0  0   4     1   591
260723 2240 -15  2.67   7.0399934  EB3CYF JN01 23         -3  0.43  1  1    0  0  11    13   379
260723 2240 -20 -0.06   7.0400043  DL0PBS JO33 23          0  0.25  1  1    0  0  18     2   337
260723 2240  -4 -0.27   7.0400158  EA5UV IM99 23           0  0.45  1  1    0  0   9     1   452
260723 2240  -5  0.32   7.0400197  I0LYO JN52 23           0  0.33  1  1    0  0  10     1   477
260723 2240 -18 -0.23   7.0400291  CT1BAT IN50  0          0  0.17  1  1    0  1  44     1   810
260723 2240 -17 -0.23   7.0400319  DK3TG JN58 23           0  0.24  1  1    0  0  19     8   196
260723 2240 -10 -0.10   7.0400384  G6GN IO81 30            0  0.55  1  1    0  0   3     1   546
260723 2240  -9 -0.06   7.0400645  G8ORM IO93 33           0  0.55  1  1    0  0   2     1   570
260723 2240 -18 -0.49   7.0400699  PA2PGU JO32 23          0  0.32  2  1    0  0  22    70   128
260723 2240 -14 -0.57   7.0400743  ON5MB JO10 23           0  0.23  1  1    0  0  20     1   261
260723 2240 -21  0.28   7.0400765  DL6NL JO50 27           0  0.17  2  1    0  1  36     1   810
260723 2240 -19 -0.10   7.0400981  PD1RE JO22 23           0  0.20  2  1   64  1  36     1   810
260723 2240  -7 -0.15   7.0400996  <DG1GHR> JN48AO 37      0  0.34  1  1    0  0  22     1   293
260723 2240  -4 -0.15   7.0401028  SM7XGC JO65 10         -1  0.41  1  1    0  0   7     1   489
260723 2240  -8 -0.10   7.0401057  M0MBO IO91 33          -1  0.34  1  1   32  0  37   446  -171
260723 2240  -2 -0.10   7.0401513  HB9AK JN36 23           0  0.59  1  1    0  0   2     1   701
260723 2240   1 -0.06   7.0401595  EA6LA JM19 23           1  0.64  1  1    0  0   0     1   655
260723 2240 -18 -0.19   7.0401676  GM8HHC IO85 23          0  0.18  2  1    0  1  36     1   810
260723 2240 -21 -1.04   7.0401825  F4HHR JN07 10           0  0.28  1  1    0  0   9     2   527
260723 2242 -21 -1.04   7.0399997  F/PE0FKO 10             0  0.17  1  1    0  1  35     1   810
260723 2242 -19  0.19   7.0400016  G7MNP IO83 23           0  0.21  1  1    0  0  37    55  -109
260723 2242 -18 -0.23   7.0400257  PC4T JO22 23            0  0.24  1  1    0  0  18    18   253
260723 2242   2 -0.06   7.0400413  DK2DB JN48 37           0  0.57  1  1    0  0   0     1   575
260723 2242 -13 -0.36   7.0400741  OK1BF JO70 23           0  0.18  1  1    0  1  37     1   810
260723 2242 -11 -0.74   7.0400762  ON5MB JO10 23           0  0.14  1  1    0  1  32     1   810
260723 2242 -12 -0.02   7.0400811  EK1RR LN20 30           0  0.21  1  1   48  0  28   192   -92
260723 2242   0 -0.19   7.0400884  EB1A IN53 27            0  0.46  1  1    0  0   2     1   543
260723 2242  -2  0.58   7.0401063  9A3ZI JN86  3           0  0.43  1  1    0  0   9     1   480
260723 2242  -6  0.19   7.0401208  I0LYO JN52 23           0  0.37  1  1    0  0  17     1   355
260723 2242  -7  0.11   7.0401235  ON4WS JO20 30           0  0.25  1  1    0  0  28     4    70
260723 2242   2  0.07   7.0401304  <G4LEN> IO81UT 37       0  0.56  1  1    0  0   2     1   632
260723 2242 -15 -0.91   7.0401400  G4VNM IO90 23           0  0.21  2  1    0  1  38     1   810
260723 2242  -5  0.02   7.0401407  F1JSC JN03 33           0  0.50  1  1    0  0   0     1   695
260723 2242 -10 -0.27   7.0401499  OE7XZB JN57 23          0  0.45  1  1    0  0   0     1   599
260723 2242 -22  0.07   7.0401644  SK7BQ JO76 23           0  0.26  1  1    0  0  18     1   303
260723 2242 -21 -1.04   7.0401827  F4HHR JN07 10           0  0.32  2  1    0  0  13     1   448
260723 2242 -13 -0.10   7.0401864  G6GN IO81 30            0  0.48  1  1    0  0   2     1   545
260731_083502    28.125 Tx WSPR     0  0.0 1444 EA6AJT JM19 30
260731_083600    28.125 Tx WSPR     0  0.0 1444 EA6AJT JM19 30
260731 0838 -11 -0.15  28.1260484  DK3TG JN58 23           0  0.33  1  1    0  0   1     1   593
260731 0838  -9 -0.02  28.1260585  HA6QL JN97 33           0  0.39  2  1    0  0  27    34    33
260731 0838   2 -0.02  28.1260585  G0MBA JO01 23           0  0.73  1  1    0  0  11     1   417
260731 0838 -15  0.15  28.1260646  EA6ACW JM19 23         -2  0.17  2  1    0  1  30     1   810
260731 0838   4  0.02  28.1260678  G0PKT JO01 23           0  0.73  1  1    0  0   0     1   601
260731 0838  -9  0.49  28.1260780  EB1A IN53 27            0  0.18  1  1    0  1  24     1   810
260731 0838 -12 -0.02  28.1260798  DL2WB JN39 23          -1  0.36  2  1    0  0  20     1   167
260731 0838 -15 -0.10  28.1260950  DF1VB JO31 23           0  0.23  1  1    0  0   6     1   479
260731 0838  -2  1.82  28.1261016  DL6NL JO50 30           0  0.68  1  1    0  0   1     1   672
260731 0838 -18  0.37  28.1261485  <...> JO21HP 23         0  0.28  2  1    0  0  57     1   157
260731 0838   2 -0.02  28.1261529  DF8PI JN49 33           0  0.78  1  1    0  0   0     1   580
260731 0840  -3  0.07  28.1260308  DO6RPS JO42 37          0  0.66  1  1    0  0   1     1   550
260731 0840 -13 -0.15  28.1260667  DL7ATA JO62 23          0  0.38  1  1    0  0   4     1   504
260731 0840  -8  3.61  28.1261048  IK5CHL JN53 30          1  0.42  1  1    0  0  14     1   241
260731 0840 -19 -0.06  28.1261150  PA0HEJ JO31 20          1  0.25  1  1    0  0  16     2   253
260731 0840 -18  0.07  28.1261373  HB9AK JN36 23           0  0.38  1  1    0  0   7     1   359
260731 0840 -23 -0.87  28.1261603  IK1WVQ JN44 10          0  0.20  1  1    0  0  27   120   -22
260731 0842 -25  0.02  28.1260070  EA6EE JM19 23           1  0.35  1  1   48  1  38     1   810
260731 0842  34 -0.06  28.1261066  EA6EE JM19 23           0  0.53  1  1    0  0   0     1   798
260731 0842 -33 -0.15  28.1262065  EA6EE JM19 23           0  0.14  3  1    0  0  24     2    79
260731_084400    28.125 Tx WSPR     0  0.0 1444 EA6AJT JM19 30
260731 0846 -16 -0.06  28.1260540  PH9K JO33 23            0  0.39  1  1    0  0  14     7    17
260731 0846 -16 -0.10  28.1260611  DL7ATA JO62 23          0  0.41  1  1    0  0   8     1   272
260731 0846 -23  0.58  28.1261201  DL2KCL JO30 10          0  0.24  1  1    0  0  19     8   -16
260731_084800    28.125 Tx WSPR     0  0.0 1444 EA6AJT JM19 30
260731 0850  36 -0.06  28.1260387  EA6EE JM19 23           1  0.55  1  1    0  0   0     1   792
260731 0850 -27  0.02  28.1261388  EA6EE JM19 23           0  0.20  2  1    8  1  39     1   810
260731 0850 -14  0.02  28.1261542  DF8PI JN49 33           1  0.54  1  1    0  0  19     1   240
260731 0852  35 -0.10  28.1260396  <EA6EE> JM19HN 23       1  0.53  1  1    0  0   0     1   807
260731 0852 -28 -0.32  28.1261396  <EA6EE> JM19HN 23       0  0.26  3  4   16  0  28   241  -178
260731_085400    28.125 Tx WSPR     0  0.0 1444 EA6AJT JM19 30
260731 0856  -8  0.66  28.1260335  DO7YYZ JO54 37          0  0.65  1  1    0  0   2     1   401
260731 0856 -13 -0.06  28.1260560  PH9K JO33 23            0  0.46  1  1    0  0  13     1   371
260731 0856 -16  0.45  28.1260797  EB1A IN53 27            0  0.16  1  1    0  0  24     1   132
260731 0856 -18  0.41  28.1260845  IK4PLZ JN54 20          0  0.19  3  1   -8  1  39     1   810
260731 0856 -22  0.66  28.1261206  DL2KCL JO30 10          1  0.19  1  1    0  1  26     1   810
260731 0856 -14 -0.02  28.1261341  HB9AK JN36 23           2  0.46  1  1    0  0  10     1   214
260731_090000    28.125 Tx WSPR     0  0.0 1444 EA6AJT JM19 30
260731 0858  30 -0.10  28.1260372  EA6EE JM19 23           1  0.77  1  1    0  0   0     1   810
260731 0858 -12  0.07  28.1260605  G0MBA JO01 23           0  0.29  2  1    0  0  17     1   245
260731 0858 -14  0.02  28.1260648  OZ7IT JO65 37           1  0.23  1  1    8  1  40     1   810
260731 0858  -8  0.07  28.1260713  G0PKT JO01 23           0  0.13  1  1    0  0   2     1   572
260731 0858   3  1.77  28.1261042  DL6NL JO50 30           0  0.39  3  4    0  0   1     1   775
260731 0858 -19  0.02  28.1261295  <DL1FX> JN49GR 20       0  0.18  2  1    0  0  31    62   -76
260731 0858 -18 -0.23  28.1261315  DK3TG JN58 23           0  0.19  3  1    0  1  36     1   810
260731 0858 -30  0.32  28.1261661  G3JKF JO00 33           1  0.18  2  1  -56  1  38     1   810
260731 0902 -11 -0.15  28.1260201  IK5ZAI JN53 23          1  0.44  1  1    0  0   3     1   521
260731 0902  -2  0.02  28.1260322  DO6RPS JO42 37          1  0.53  1  1    0  0   6     1   447
260731 0902 -10  0.66  28.1260336  DO7YYZ JO54 37          0  0.53  2  1    0  0  16     1   282
260731 0902 -17  0.28  28.1260617  PA3FSY JO21 23          0  0.33  1  1    0  0  20     2   268
260731 0902 -19 -0.15  28.1260695  OE5UKL JN68 20          1  0.19  1  1    0  0  26    76     1
260731 0902 -17  0.49  28.1260802  EB1A IN53 27            0  0.17  2  1    0  1  34     1   810
260731 0902  -8 -0.02  28.1260816  DL2WB JN39 23           0  0.50  1  1    0  0   6     1   414
260731 0902   5  1.82  28.1261035  DL6NL JO50 30           1  0.77  1  1    0  0   0     1   578
260731 0904 -15  0.45  28.1259974  G4GCI IO90 37           0  0.46  1  1    0  0   6     1   408
260731 0904 -13 -0.15  28.1260173  DL7ATA JO62 23          0  0.27  1  1    0  0  22     1   226
260731 0904 -12 -0.23  28.1260206  <IK5ZAI> JN53FU 23      0  0.38  1  1    0  0  18     1   135
260731 0904 -20  0.37  28.1260626  <PA3FSY> JO21HP 23      0  0.28  1  1    0  0  28     1    51
260731 0904 -21  0.02  28.1260753  PD1RE JO22 23           0  0.25  1  1    0  0  27     1    78
260731 0904 -21 -0.66  28.1261033  YM2XBL KN41 23          0  0.20  1  1    0  0  28    10   -21
260731 0904 -26 -0.15  28.1261341  G4JQT/P 23              1  0.14  1  1    0  1  43     1   810
260731 0904 -31  0.02  28.1261632  DG1GHR JN48 37          0  0.19  1  1    0  1  48     1   810
260731 0906 -26 -0.66  28.1260290  IZ2RLX JN45 37          1  0.41  1  1   -8  0  27    25   -20
260731 0906 -34  0.02  28.1260575  PH9K JO33 23            0  0.34  1  1    0  1  29     1   810
260731 0906 -24  0.02  28.1260839  EA6EE JM19 23           0  0.36  1  1    0  0  17     1   259
260731 0906  31 -0.10  28.1261838  EA6EE JM19 23           1  0.63  1  1    0  0   0     1   797
260731_090800    28.125 Tx WSPR     0  0.0 1444 EA6AJT JM19 30
260731 0910 -20 -0.15  28.1259997  DL7ATA JO62 23          0  0.30  1  1    0  0  15    21   231
260731 0910 -18 -0.15  28.1260192  DF1VB JO31 23           1  0.26  1  1    0  0  24     3   112
260731 0910  -3  0.02  28.1260326  DO6RPS JO42 37          0  0.53  1  1    0  0   3     1   514
260731 0910 -12  0.62  28.1260340  DO7YYZ JO54 37          0  0.45  2  1    0  0  11     1   386
260731 0910 -10 -0.15  28.1260435  OE9PTI JN47 23          1  0.55  1  1    0  0   2     1   617
260731 0910  -6 -0.02  28.1260646  OZ7IT JO65 37           1  0.71  1  1    0  0   0     1   593
260731 0910 -11  0.15  28.1261002  M0RON IO81 13           1  0.41  2  1    0  0  13     2   319
260731 0910   1  1.77  28.1261041  DL6NL JO50 30           1  0.67  1  1    0  0   0     1   604
260731 0910  -5 -0.02  28.1261391  HB9AK JN36 23           0  0.65  1  1    0  0   3     1   542
260731 0912  -8 -0.79  28.1260291  IZ2RLX JN45 37          1  0.60  1  1    0  0   0     1   487
260731 0912  -7 -0.19  28.1260446  <OE9PTI> JN47VL 23      1  0.61  1  1    0  0   3     1   503
260731 0912 -20 -0.02  28.1260502  PA2REH JO22 17          0  0.20  2  1    0  0  29    77   -74
260731 0912 -19 -0.79  28.1261036  YM2XBL KN41 23          0  0.16  3  1    0  0  33     6    11
260731 0912  -9  3.18  28.1261275  IK5CHL JN53 30          2  0.46  1  1    0  0   9     1   251
260731 0912 -21 -0.19  28.1261408  G4JQT/P 23              1  0.25  1  1    0  1  34     1   810
260731 0912  -8 -0.10  28.1261654  G6AVK JO01 27           0  0.67  1  1    0  0   0     1   479
260731 0914  33 -0.06  28.1260513  EA6EE JM19 23           0  0.77  1  1    0  0   0     1   810
260731 0914  -2  1.77  28.1261054  DL6NL JO50 30           0  0.38  3  2  -64  1  41     1   810
260731 0914 -26  0.28  28.1261360  DL0CFG JO41 23          0  0.22  3  1    0  1  48     1   810
260731 0914 -22  0.02  28.1261513  EA6EE JM19 23           1  0.25  1  1    0  0  23     3    70
260731 0914 -19  0.02  28.1261564  DF8PI JN49 33           0  0.43  1  1    0  0  13     1   265
260731_091600    28.125 Tx WSPR     0  0.0 1444 EA6AJT JM19 30
260731 0918 -16  0.45  28.1260315  HB9T JN36 23            0  0.35  1  1    0  0   7     1   476
260731 0918 -10 -0.23  28.1260481  DK3TG JN58 23           0  0.42  1  1    0  0   4     1   531
260731 0918 -12 -0.15  28.1260541  OE5UKL JN68 20          1  0.14  1  1    0  0  14     1   372
260731 0918   3  0.02  28.1260611  G0MBA JO01 23           0  0.61  1  1    0  0   1     1   587
260731 0918   8  0.02  28.1260705  G0PKT JO01 23           1  0.79  1  1    0  0   0     1   688
260731 0918 -22  0.07  28.1260958  CT1BAT IN50  0          1  0.15  2  1    8  1  35     1   810
260731 0918 -16  0.19  28.1261381  <G4LEN> IO81UT 37       1  0.28  1  1    0  0  11     1   366
260731 0918 -15  0.32  28.1261402  EA6ACW JM19 23         -1  0.27  1  1    0  0  25    50   -68
260731 0918 -20  0.19  28.1261664  G3JKF JO00 33           1  0.39  1  1    0  0  12     1   427
260731 0920  -5  0.02  28.1260336  DO6RPS JO42 37          0  0.69  1  1    0  0   1     1   570
260731 0920 -19  0.28  28.1260814  EB1A IN53 27            0  0.15  1  1    0  1  42     1   810
260731 0920 -11  0.11  28.1261015  M0RON IO81 13           0  0.51  1  1    0  0   3     1   514
260731 0920 -22 -1.00  28.1261038  YM2XBL KN41 23          1  0.17  2  1    0  1  32     1   810
260731 0920 -24  0.54  28.1261224  DL2KCL JO30 10          1  0.17  1  1    0  1  35     1   810
260731 0922 -27  0.37  28.1260568  ON0HVL JO10 23          0  0.36  1  1    0  0  18     1   211
260731 0922 -21  0.02  28.1260751  EA6EE JM19 23           1  0.46  1  1    0  0  14     1   317
260731 0922   3  1.77  28.1261057  DL6NL JO50 30           0  0.50  3  4    0  0   0     1   809
260731 0922  -9  0.02  28.1261359  HB9AK JN36 23           0  0.44  1  1    0  0   8     1   442
260731 0922  34 -0.02  28.1261747  EA6EE JM19 23           0  0.78  1  1    0  0   0     1   810
260731 0924 -24  0.37  28.1260355  DO7YYZ JO54 37          0  0.30  1  1  -24  0  25    48    69
260731 0924 -30  0.41  28.1260568  <ON0HVL> JO10KS 23      0  0.17  3  2  -40  0  33   245   -48
260731 0924 -20  0.02  28.1260626  HA6QL JN97 33           0  0.45  1  1    0  0  18     1   310
260731 0924 -25  0.02  28.1260751  <EA6EE> JM19HN 23       0  0.45  1  1    0  0  15     1   329
260731 0924 -19 -1.00  28.1260861  GX2PLX JO02 43          0  0.51  1  1    0  0   8     1   534
260731 0924  33 -0.10  28.1261750  <EA6EE> JM19HN 23       0  0.77  1  1    0  0   0     1   810
260731_092600    28.125 Tx WSPR     0  0.0 1444 EA6AJT JM19 30
260804_211800    28.125 Tx WSPR     0  0.0 1444 EA6AJT JM19 30
260804_212200    28.125 Tx WSPR     0  0.0 1444 EA6AJT JM19 30
260804 2124 -29  0.07  28.1260601  HA6QL JN97 33           0  0.13  1  1  -24  1  43     1   810
260804_212600    28.125 Tx WSPR     0  0.0 1444 EA6AJT JM19 30
260804_213000    28.125 Tx WSPR     0  0.0 1444 EA6AJT JM19 30
260804_213400    21.095 Tx WSPR     0  0.0 1444 EA6AJT JM19 30
260804_213800    21.095 Tx WSPR     0  0.0 1444 EA6AJT JM19 30
260804_214000    21.095 Tx WSPR     0  0.0 1444 EA6AJT JM19 30
260804_214400    21.095 Tx WSPR     0  0.0 1444 EA6AJT JM19 30
260804_214433     7.039 Tx WSPR     0  0.0 1444 EA6AJT JM19 30
260804_214800     7.039 Tx WSPR     0  0.0 1444 EA6AJT JM19 30
260804 2150 -22  0.19   7.0400199  G0KRB JO02 37           0  0.24  1  1    0  0  12     1   329
260804 2150 -19 -0.19   7.0400395  <OK1BF> JO70UB 23       0  0.45  1  1    0  0   4     1   594
260804 2150 -19  0.11   7.0400606  <...> JN74KU 27         0  0.41  1  1    0  0  50     1   419
260804 2150 -26  4.97   7.0400682  I0LYO JN52 23           0  0.19  1  1    0  1  37     1   810
260804 2150 -11  0.41   7.0400894  9A3ZI JN86  3           0  0.38  1  1    0  0  10     1   386
260804 2150 -20  0.07   7.0401001  DK9ES JO31 23           0  0.27  1  1    0  0  27    79    33
260804 2150 -25  5.10   7.0401085  SQ9RHX JO81 23          0  0.16  1  1    0  0  24    39    38
260804 2150 -12  0.07   7.0401585  EA6LA JM19 23           0  0.63  1  1    0  0   0     1   738
260804 2152 -20  4.93   7.0400107  SQ9RHX JO81 23          0  0.36  1  1    0  0  15     1   344
260804 2152 -24  0.19   7.0400673  DL6NL JO50 27           0  0.24  1  1    0  0  18     1   212
260804 2152 -24  0.11   7.0401200  G8LDJ JO01 30           0  0.27  2  1   16  1  34     1   810
260804 2152 -13  0.19   7.0401218  ON4WS JO20 30           0  0.48  1  1    0  0   2     1   575
260804 2152 -23 -0.02   7.0401377  F6EGX JN35 37           0  0.28  1  1    0  1  38     1   810
260805 1852 -25 -0.79  28.1260504  EA6ACW JM19 23         -1  0.30  1  1    0  0  18     1   203
260805_185400    28.125 Tx WSPR     0  0.0 1444 EA6AJT JM19 30
260805 1856  26  0.15  28.1260427  EA6EE JM19 23           0  0.77  1  1    0  0   0     1   810
260805 1856 -31  0.02  28.1261432  EA6EE JM19 23           1  0.28  2  1  -24  1  33     1   810
260805_185800    28.125 Tx WSPR     0  0.0 1444 EA6AJT JM19 30
260805_190200    28.125 Tx WSPR     0  0.0 1444 EA6AJT JM19 30
260805 1904 -27  0.02  28.1260912  EA6EE JM19 23           0  0.35  1  1    0  0  18    10    71
260805 1904  26  0.11  28.1261917  EA6EE JM19 23           1  0.74  1  1    0  0   0     1   810
260805_190600    28.125 Tx WSPR     0  0.0 1444 EA6AJT JM19 30
260805_190650     7.039 Tx WSPR     0  0.0 1444 EA6AJT JM19 30
260805_191200     7.039 Tx WSPR     0  0.0 1444 EA6AJT JM19 30
260805 1910 -14  0.02   7.0400306  <EA1LC> IN53SI 23       0  0.43  1  1    0  0   5     1   483
260805 1910  -6  0.15   7.0400398  DK2DB JN48 37           0  0.57  1  1    0  0   0     1   534
260805 1910 -23 -0.19   7.0400503  G7KIA IO93 23           0  0.20  1  1    0  1  31     1   810
260805 1910 -10 -0.02   7.0400592  EA5RKP IM99 23          0  0.54  1  1    0  0   2     1   538
260805 1910 -19  0.15   7.0400632  DG1GHR JN48 37          0  0.29  2  1    0  0  20     1   226
260805 1910  -4 -0.10   7.0400778  <IU0JJD> JN61TP 23      0  0.68  1  1    0  0   1     1   642
260805 1910 -28  0.15   7.0401012  M0XMP JO02 23           0  0.17  2  1  -32  1  43     1   810
260805 1910 -20  0.19   7.0401028  M0MBO IO91 33          -1  0.24  1  1    0  0  21     2   221
260805 1910 -22  3.99   7.0401155  SQ9RHX JO81 23          0  0.19  1  1    0  1  37     1   810
260805 1910  -3  0.15   7.0401370  F6EGX JN35 37           0  0.61  1  1    0  0   0     1   646
260805 1910 -13  1.35   7.0401438  I0LYO JN52 23           0  0.23  1  1    0  0  16     1   296
260805 1910  -8  0.11   7.0401520  HB9AK JN36 23           0  0.27  1  1    0  0   6     1   448
260805 1910   4  0.11   7.0401586  EA6LA JM19 23           0  0.58  1  1    0  0   1     1   625
260805 1914 -24  4.46   7.0400194  M9OHM IO82 23           0  0.25  1  1    0  0  25     2    98
260805 1914 -27  0.32   7.0400660  DL6NL JO50 27           0  0.18  1  1    0  1  35     1   810
260805 1914  -9  0.96   7.0400790  9A3ZI JN86  3           0  0.44  1  1    0  0   8     1   397
260805 1914 -20  0.15   7.0400999  DK9ES JO31 23           0  0.35  1  1    0  0   9     1   329
260805 1914  -6  0.11   7.0401251  I0LYO JN52 23           0  0.41  1  1    0  0  10     1   455
260805 1914  -7  0.07   7.0401289  DF1IH JN57 33           0  0.33  1  1    0  0   7     1   495
260805 1914 -20 -0.53   7.0401383  G4VNM IO90 23           0  0.22  1  1    0  0  26   143     7
260805 1914 -20  0.11   7.0401423  CT1BAT IN50  0          0  0.25  1  1    0  0  23    16    26
260805 1914 -19  4.03   7.0401797  SQ9RHX JO81 23          0  0.21  1  1    0  1  35     1   810
260805 1914 -11 -0.06   7.0401883  EA5RKP IM99 23          0  0.63  1  1    0  0   0     1   477
260805 1916 -28 -0.06   7.0400196  G6CKK JO01 23           0  0.25  1  1    0  0  26     1   149
260805 1916  -9  1.82   7.0400726  I0LYO JN52 23           0  0.41  1  1    0  0   9     2   386
260805 1916 -16  3.82   7.0401020  SQ9RHX JO81 23          1  0.17  2  1    8  1  37     1   810
260805 1916  -1 -0.10   7.0401041  EA5UV IM99 23           0  0.74  1  1    0  0   0     1   768
260805 1916 -21  4.38   7.0401328  M9OHM IO82 23           0  0.22  1  1    0  0  25     4    58
260805 1916 -21 -0.49   7.0401386  G4VNM IO90 23           0  0.27  1  1    0  0  14     1   331
260805 1916 -15  0.24   7.0401443  G7SYO IO90 27           0  0.50  1  1    0  0   3     1   545
260805 1916 -20 -0.19   7.0401517  GM8FXD IO77 30          0  0.28  1  1    0  0  15     4   331
260805 1916 -26 -0.83   7.0401804  F4HHR JN07 10           0  0.23  1  1    0  0  27     7    54
260805 1916 -30  0.24   7.0401873  M0OLS IO81 23           0  0.13  1  1   16  1  44     1   810
260805 1916 -28 -0.10   7.0402041  EA5UV IM99 23           0  0.16  1  1    0  0  18     3    14
260805_191800     7.039 Tx WSPR     0  0.0 1444 EA6AJT JM19 30
260806_174600     7.039 Tx WSPR     0  0.0 1444 EA6AJT JM19 30
260806_174800     7.039 Tx WSPR     0  0.0 1444 EA6AJT JM19 30
260806_174833     7.039 Tx WSPR     0  0.0 1444 EA6AJT JM19 30
260806_175200     7.039 Tx WSPR     0  0.0 1444 EA6AJT JM19 30
260806 1754 -21 -0.87   7.0399986  F/PE0FKO 10             0  0.31  1  1    0  0  14     1   331
260806 1754 -23 -0.15   7.0400030  OE7XZB JN57 23          0  0.17  1  1    0  0  23     1   157
260806 1754 -11  0.49   7.0400456  I0LYO JN52 23           0  0.45  1  1    0  0   6     1   495
260806 1754 -23  0.11   7.0400796  EK1RR LN20 30           0  0.17  2  1    0  0  28    28    33
260806 1754 -12 -0.23   7.0400850  EB1A IN53 27            0  0.34  1  1    0  0  15     1   275
260806 1754 -20 -0.06   7.0400857  EA5RKP IM99 23          0  0.15  3  3    0  1  40     1   810
260806 1754 -20  4.89   7.0401145  IK5CHL JN53 30          1  0.27  1  1    0  0  21     1    31
260806 1754 -25  5.14   7.0401295  M9OHM IO82 23           0  0.13  3  1   40  1  39     1   810
260806 1754  -8  0.11   7.0401366  F6EGX JN35 37           0  0.40  1  1    0  0   4     1   537
260806 1754 -23 -0.15   7.0401461  <OE9PTI> JN47VL 23      0  0.17  1  1    0  0  26    11    31
260806 1754 -19  0.11   7.0401522  PA0MLC JO31 27          0  0.37  1  1    0  0  14     1   396
260806 1754 -25 -0.19   7.0401665  DK3TG JN58 23           0  0.17  1  1    0  0  34     3   -27
260806 1756 -25  0.07   7.0399990  PD3PAM JO32 33          0  0.25  1  1    0  0  28    20   108
260806 1756 -21 -0.15   7.0400291  2E0DSS IO82 33          0  0.28  1  1    0  0  12     1   390
260806 1756 -25  5.14   7.0400436  SQ9RHX JO81 23          0  0.13  1  1    0  1  29     1   810
260806 1756  -5 -0.10   7.0400513  EA5UV IM99 23           0  0.69  1  1    0  0   0     1   611
260806 1756 -24  0.15   7.0400603  G7SYO IO90 27           0  0.17  1  1    0  1  33     1   810
260806 1756 -11 -0.10   7.0400691  9A3ZI JN86  3           0  0.29  1  1    0  0  13     1   344
260806 1756 -20  0.79   7.0400874  PA2W JO22 37            0  0.36  1  1    0  0  17     2   306
260806 1756 -16  0.62   7.0401009  G1FQD IO82 37           0  0.41  1  1    0  0   4     1   531
260806 1756 -12 -0.06   7.0401209  IU0JJD JN61 23          0  0.47  1  1    0  0   6     1   546
260806 1756 -20  0.02   7.0401346  EA1LC IN53 23           0  0.32  1  1    0  0  11     1   378
260806 1756 -15  0.24   7.0401688  I0LYO JN52 23           0  0.31  1  1    0  0  10     1   372
260806 1756 -29 -0.96   7.0401809  F4HHR JN07 10           0  0.13  3  2   32  1  45     1   810
260806_175800     7.039 Tx WSPR     0  0.0 1444 EA6AJT JM19 30
260806 1800 -22 -0.83   7.0399986  F/PE0FKO 10             0  0.40  1  1    0  0  17     1   382
260806 1800 -26 -0.02   7.0400091  SP9PWS KN09 13          0  0.17  1  1    0  1  37     1   810
260806 1800 -30  0.02   7.0400292  EB5RCA IM98 23          0  0.21  1  1    0  0  31    27  -128
260806 1800 -13 -0.19   7.0400853  EB1A IN53 27            0  0.28  1  1    0  0  27     3    70
260806 1800 -13  0.07   7.0401012  SM7XGC JO65 10         -2  0.38  1  1    0  0   1     1   548
260806 1800 -18  0.02   7.0401253  DL1FX JN49 23           0  0.26  1  1    0  0  12     1   384
260806 1800 -13  0.07   7.0401327  I0LYO JN52 23           1  0.34  1  1    0  0  12     1   362
260806 1800 -22  5.23   7.0401407  SQ9RHX JO81 23          0  0.20  1  1    0  0  27     1    66
260806 1800  -3  0.07   7.0401582  EA6LA JM19 23           1  0.63  1  1    0  0   0     1   568
260806_180200     7.039 Tx WSPR     0  0.0 1444 EA6AJT JM19 30
260806 1804 -29 -0.10   7.0400122  G6CKK JO01 23           0  0.18  1  1    0  1  32     1   810
260806 1804 -10 -0.02   7.0400515  EA5UV IM99 23           0  0.50  1  1    0  0   2     1   590
260806 1804 -15  0.24   7.0400585  EA4TK IN80 23           0  0.44  1  1    0  0  10     1   386
260806 1804 -17 -0.06   7.0400966  I0LYO JN52 23           0  0.25  1  1    0  0  16    18   260
260806 1804 -20  5.10   7.0401147  SQ9RHX JO81 23          0  0.20  1  1    0  0  24   329  -128
260806 1804 -20  0.28   7.0401216  DK7MI JN67 17           0  0.15  1  1    0  1  35     1   810
260806 1804 -18  4.89   7.0401243  IK5CHL JN53 30          1  0.25  1  1    0  0  24     2   161
260806_180600     7.039 Tx WSPR     0  0.0 1444 EA6AJT JM19 30
260806 1808 -27  0.11   7.0399991  PD3PAM JO32 30          0  0.23  1  1    0  0  30     1    57
260806 1808 -24  0.11   7.0400361  <G7SYO> IO90DR 27       0  0.17  2  1    0  0  24     4   140
260806 1808 -11 -0.15   7.0400414  <IU0JJD> JN61TP 23      0  0.31  1  1    0  0   4     1   479
260806 1808 -15 -0.40   7.0400485  I0LYO JN52 23           1  0.36  1  1    0  0  10     1   390
260806 1808 -18  0.66   7.0400566  F6IDT JN33 37           0  0.33  1  1    0  0  12     2   291
260806 1808 -23 -0.32   7.0400625  PA2PGU JO32 23          0  0.14  1  1   16  1  36     1   810
260806 1808  -9  0.45   7.0400700  9A3ZI JN86  3           0  0.32  1  1    0  0  12     1   358
260806 1808 -19  4.97   7.0401107  SQ9RHX JO81 23          0  0.23  1  1    0  0  22     1   173
260806 1808 -26  0.15   7.0401182  DG1GHR JN48 37          0  0.15  1  1    0  1  36     1   810
260806 1808 -11  0.07   7.0401370  F6EGX JN35 37           0  0.37  1  1    0  0   1     1   498
260806 1808 -15 -0.10   7.0401635  G4HSB IO94 23           0  0.38  1  1    0  0   7     1   465
260806 1808 -30 -0.83   7.0401808  F4HHR JN07 10           0  0.12  3  1    0  1  38     1   810
260806 1810 -26  0.07   7.0399990  PD3PAM JO32 30          0  0.26  1  1    0  0  23     8    66
260806 1810 -18  0.24   7.0400202  G0KRB JO02 37           0  0.34  1  1    0  0  10     1   443
260806 1810 -24  0.58   7.0400597  DL6OBU JO43 23          0  0.19  1  1    0  0  24     5    14
260806 1810 -14 -0.45   7.0400879  I0LYO JN52 23           0  0.38  1  1    0  0   8     1   423
260806 1810 -23  4.97   7.0401073  SQ9RHX JO81 23          0  0.13  1  1    0  0  32     4    71
260806 1810 -19 -0.06   7.0401123  EA5RKP IM99 23          0  0.39  1  1    0  0   2     1   603
260806 1810 -25  0.15   7.0401181  <DG1GHR> JN48AO 37      0  0.13  3  1   32  0  31   202   -64
260806 1810 -15  0.02   7.0401513  HB9AK JN36 23           0  0.26  1  1    0  0   8     1   461
260806 1810  -3  0.11   7.0401584  EA6LA JM19 23           0  0.62  1  1    0  0   0     1   577
260806 1810 -24  0.11   7.0401661  PD1RE JO22 23           0  0.16  2  1    0  1  42     1   810
260806 1810 -28 -0.91   7.0401811  F4HHR JN07 10           0  0.13  2  1    0  1  41     1   810
260806_181200     7.039 Tx WSPR     0  0.0 1444 EA6AJT JM19 30
260806 1814 -26 -0.19   7.0400011  PA2PGU JO32 23          0  0.17  1  1    0  0  24     4    81
260806 1814 -28  5.06   7.0400357  M9OHM IO82 23           1  0.15  1  1    0  1  38     1   810
260806 1814 -20  0.02   7.0400996  DK9ES JO31 23           0  0.25  1  1    0  0  15     2   266
260806 1814 -13  2.29   7.0401279  I0LYO JN52 23           0  0.42  1  1    0  0   8     1   457
260806 1814 -18 -0.10   7.0401573  EA5RKP IM99 23          0  0.42  1  1    0  0   6     1   413
260806 1814 -16 -0.10   7.0401777  DK3TG JN58 23           0  0.33  1  1    0  0   7     2   387
260806_181600     7.039 Tx WSPR     0  0.0 1444 EA6AJT JM19 30
260806 1818 -14 -0.15   7.0399967  <IU0JJD> JN61TP 23      0  0.31  1  1    0  0  17     4   272
260806 1818 -21 -0.79   7.0399980  F/PE0FKO 10             0  0.28  2  1    0  0  35   385   -78
260806 1818 -16  0.79   7.0400019  F6IDT JN33 37           0  0.29  1  1    0  0  20     3   235
260806 1818 -15  1.13   7.0400155  G4GCI IO90 37           0  0.24  1  1    0  0   7     1   398
260806 1818 -16  0.19   7.0400199  G0KRB JO02 37           0  0.19  1  1    0  0  22     4    26
260806 1818  -8 -0.83   7.0400324  GX2PLX JO02 43          0  0.25  1  1    0  0   5     1   371
260806 1818 -17  3.10   7.0400412  I0LYO JN52 23           1  0.23  1  1    0  0  14     1   349
260806 1818 -26  0.15   7.0400503  <G7SYO> IO90DR 27       0  0.18  1  1    0  0  27     4   -12
260806 1818 -14 -0.23   7.0400852  EB1A IN53 27            0  0.28  1  1    0  0  16     2   355
260806 1818 -18 -0.10   7.0400944  EA5RKP IM99 23          0  0.38  1  1    0  0  23     5    90
260806 1818 -15 -0.06   7.0401722  G4HSB IO94 23           0  0.36  1  1    0  0   5     1   484
260806 1818 -20  5.02   7.0401822  SQ9RHX JO81 23          0  0.16  1  1    0  0  26     5    68
260806_182000     7.039 Tx WSPR     0  0.0 1444 EA6AJT JM19 30
260806 1822 -20  4.93   7.0399954  SQ9RHX JO81 23          0  0.26  1  1    0  0  16     3   186
260806 1822 -24 -0.15   7.0400287  2E0DSS IO82 33          0  0.27  1  1    0  0  18     1   272
260806 1822 -20  0.02   7.0400629  G8ORM IO93 33           0  0.22  1  1    0  0  20     1   227
260806 1822  -7  0.02   7.0400719  9A3ZI JN86  3           0  0.38  1  1    0  0   7     1   466
260806 1822 -15 -0.15   7.0400810  <EA1LC> IN53SI 23       0  0.27  1  1    0  0  22    35   -30
260806 1822 -18 -0.10   7.0400964  EA5RKP IM99 23          0  0.26  1  1    0  0  23     3   208
260806 1822 -16  0.66   7.0401008  G1FQD IO82 37           0  0.25  1  1    0  0  10     1   377
260806 1822 -20  0.11   7.0401217  ON4WS JO20 30           0  0.20  3  4   -8  1  28     1   810
260806 1822 -16 -0.10   7.0401618  <OK1BF> JO70UB 23       0  0.35  1  1    0  0   6     1   427
260806 1822 -15  2.71   7.0401667  I0LYO JN52 23           0  0.35  1  1    0  1  29     1   810
260806 1822 -23 -0.02   7.0401805  HB9HJL JN47 23          0  0.13  1  1    0  1  37     1   810
260806_182400     7.039 Tx WSPR     0  0.0 1444 EA6AJT JM19 30
260806 1826 -24  0.02   7.0399988  PD3PAM JO32 30          0  0.30  1  1    0  0  15     1   349
260806 1826 -22 -0.23   7.0400241  PA2PGU JO32 23          0  0.15  1  1    0  0  28   198    37
260806 1826 -12 -0.06   7.0400300  IU0JJD JN61 23          0  0.45  1  1    0  0   3     1   544
260806 1826 -19  5.06   7.0400404  SQ9RHX JO81 23          0  0.31  1  1    0  0  12     2   379
260806 1826 -27  0.02   7.0400526  OZ7IT JO65 37           0  0.15  1  1    8  1  35     1   810
260806 1826 -23  0.11   7.0400689  G7SYO IO90 27           0  0.18  1  1    0  0  23     1   190
260806 1826 -25  5.23   7.0400743  M9OHM IO82 23           0  0.19  1  1  -24  1  32     1   810
260806 1826 -18  0.19   7.0400954  PD0R JO22 30            0  0.31  1  1    0  0   8     1   377
260806 1826 -22  0.07   7.0400998  DK9ES JO31 23           0  0.22  2  1    0  0  28    24     4
260806 1826 -17  0.11   7.0401520  PA0MLC JO31 27          0  0.33  1  1    0  0  20     1   262
260806 1826 -19 -0.06   7.0401601  G3JKF JO00 33           0  0.30  2  1    0  0  29     1   107
260806 1826 -14 -0.10   7.0401613  EA5RKP IM99 23          1  0.25  1  1    0  0  23     1   151
260806 1826 -12  2.67   7.0401679  I0LYO JN52 23           0  0.45  1  1    0  0   8     1   501
260806 1826 -19  0.07   7.0401942  M0XDC JO01 37           0  0.19  1  1    0  0  13     1   356
260806_182800     7.039 Tx WSPR     0  0.0 1444 EA6AJT JM19 30
260806 1830 -26  0.02   7.0399989  PD3PAM JO32 30          0  0.21  1  1    0  1  37     1   810
260806 1830 -14 -0.15   7.0400087  OE7XZB JN57 23          0  0.46  1  1    0  0   6     1   469
260806 1830 -13  0.15   7.0400195  G0KRB JO02 37           0  0.32  1  1    0  0   3     1   537
260806 1830  -7  0.11   7.0400393  DK2DB JN48 37           0  0.27  1  1    0  0   6     1   472
260806 1830 -16 -0.15   7.0400434  <OE9PTI> JN47VL 23      0  0.30  2  1    0  0  28    13   187
260806 1830 -11  3.48   7.0400719  I0LYO JN52 23           0  0.51  1  1    0  0   9     1   354
260806 1830 -14 -0.32   7.0400853  EB1A IN53 27            0  0.28  1  1    0  0  10     2   381
260806 1830 -25  0.45   7.0400974  DL6OBU JO43 23          0  0.13  2  1    8  1  43     1   810
260806 1830 -15 -0.10   7.0401032  EA5RKP IM99 23          0  0.37  1  1    0  1  43     1   810
260806 1830 -20  5.06   7.0401184  SQ9RHX JO81 23          0  0.26  1  1    0  0  24     9   134
260806 1830  -5  0.07   7.0401587  EA6LA JM19 23           0  0.66  1  1    0  0   0     1   722
260806 1830 -22 -0.91   7.0401808  F4HHR JN07 10           1  0.22  1  1    0  0  20   264   153
260806 1832 -12  3.27   7.0399922  I0LYO JN52 23           0  0.43  1  1    0  0   4     1   456
260806 1832 -23  0.11   7.0399990  PD3PAM JO32 30          0  0.23  1  1    0  0  23     2    38
260806 1832 -26 -0.32   7.0400154  PA2PGU JO32 23          1  0.20  1  1    0  0  37   203  -167
260806 1832 -27  5.14   7.0400276  M9OHM IO82 23           0  0.16  1  1  -32  1  35     1   810
260806 1832 -26  0.11   7.0400683  DL6NL JO50 27           0  0.20  1  1    0  0  30   141   -72
260806 1832 -16  0.11   7.0400864  YO6FNF KN25 20          0  0.17  1  1    0  1  29     1   810
260806 1832 -26  0.32   7.0400985  OE6LHG JN77 23          0  0.18  1  1    0  1  38     1   810
260806 1832 -19  4.85   7.0401057  SQ9RHX JO81 23          0  0.30  1  1    0  0  24    19    61
260806 1832 -21 -0.15   7.0401127  HB9HJL JN47 23          0  0.20  1  1    0  0  11     1   285
260806 1832 -23  0.07   7.0401224  ON4WS JO20 30          -1  0.13  2  1   48  1  39     1   810
260806 1832 -19 -0.02   7.0401241  SP9PWS KN09 13          0  0.23  1  1  -64  1  39     1   810
260806 1832 -25 -0.10   7.0401311  EB5RCA IM98 23          0  0.21  1  1    0  1  38     1   810
260806 1832 -19  0.02   7.0401384  M0THH IO93 33           0  0.27  1  1    0  0  13    11   291
260806 1832 -23 -0.96   7.0401810  F4HHR JN07 10           0  0.18  1  1    0  0  24     4    30
260806 1834 -21  5.02   7.0400186  SQ9RHX JO81 23          0  0.24  1  1    0  0  15     1   260
260806 1834 -16 -0.15   7.0400664  EA5RKP IM99 23          0  0.35  1  1    0  0   6     1   494
260806 1834  -8  0.41   7.0400734  9A3ZI JN86  3           0  0.39  1  1    0  0   8     1   383
260806 1834 -18  0.75   7.0400869  PA2W JO22 37            0  0.33  1  1    0  0   8     1   441
260806 1834 -14  0.71   7.0401012  G1FQD IO82 37           0  0.33  1  1    0  0   5     1   493
260806 1834 -24  0.11   7.0401394  DG1GHR JN48 37          0  0.18  1  1    0  1  32     1   810
260806 1834  -6 -0.83   7.0401507  GX2PLX JO02 43          0  0.42  1  1    0  0   2     1   573
260806 1834 -15  3.05   7.0401570  I0LYO JN52 23           0  0.24  1  1    0  0  15     1   287
260806 1834 -16 -0.10   7.0401796  DK3TG JN57 23           0  0.32  1  1    0  0  11     5   379
260806 1834 -25 -0.87   7.0401810  F4HHR JN07 10           0  0.17  2  1    0  1  42     1   810
260806_183600     7.039 Tx WSPR     0  0.0 1444 EA6AJT JM19 30
260806 1838 -12  0.71   7.0400042  F6IDT JN33 37           0  0.37  1  1    0  0  13     1   339
260806 1838 -12 -0.06   7.0400082  G4HSB IO94 23           0  0.32  1  1    0  0   5     1   464
260806 1838 -30  1.05   7.0400249  G7UJY IO93 23           0  0.12  1  1   32  1  41     1   810
260806 1838  -8  0.15   7.0400395  DK2DB JN48 37           0  0.38  1  1    0  0   4     1   535
260806 1838 -25 -0.23   7.0400633  PA2PGU JO32 23          0  0.18  1  1    0  0  24    18    13
260806 1838 -23  0.15   7.0400683  <G7SYO> IO90DR 27       0  0.21  1  1    0  0  26     2   133
260806 1838 -18  5.06   7.0400785  SQ9RHX JO81 23          0  0.13  1  1  -24  1  39     1   810
260806 1838 -25  4.97   7.0400915  M9OHM IO82 23           0  0.14  1  1    0  0  32   133  -103
260806 1838 -23  0.11   7.0400994  DK9ES JO31 23           0  0.18  2  1    0  0  26     2    94
260806 1838 -16 -0.06   7.0401003  EA5RKP IM99 23          0  0.34  1  1    0  0   8     1   364
260806 1838 -19 -0.10   7.0401109  <OK1BF> JO70UB 23       0  0.29  1  1    0  0   6     1   413
260806 1838 -12 -0.06   7.0401200  <IU0JJD> JN61TP 23      0  0.33  1  1    0  0   2     1   524
260806 1838 -13 -0.02   7.0401255  DL1FX JN49 23           0  0.36  1  1    0  0   7     1   416
260806 1838 -16  3.10   7.0401378  I0LYO JN52 23           0  0.30  1  1    0  0  17     1   223
260806 1838 -22  0.24   7.0401476  CT1BAT IN50  0          0  0.29  1  1    0  0  20     2   202
260806 1838 -24  0.66   7.0401544  IK5CHL JN53 30          1  0.23  1  1    0  0  25    14   -24
260806 1838 -24  0.41   7.0401788  EI7II IO51 23           0  0.16  1  1    0  1  32     1   810
260806 1838 -29 -0.87   7.0401809  F4HHR JN07 10           0  0.18  2  1   16  1  46     1   810
260806 1840 -20  0.07   7.0399992  PD3PAM JO32 30          0  0.24  1  1    0  0  32   296   -61
260806 1840 -20  5.14   7.0400290  SQ9RHX JO81 23          0  0.15  1  1    0  1  42     1   810
260806 1840 -14  2.03   7.0400611  I0LYO JN52 23           0  0.40  1  1    0  0  23     1   229
260806 1840  -8  0.11   7.0400741  9A3ZI JN86  3           0  0.33  1  1    0  0  11     1   408
260806 1840 -12  0.02   7.0401002  SM7XGC JO65 10         -1  0.37  1  1    0  0   8     1   466
260806 1840 -24  0.11   7.0401036  M0XMP JO02 23           0  0.16  2  1    0  1  44     1   810
260806 1840 -13  0.02   7.0401523  HB9AK JN36 23          -1  0.36  1  1    0  0   8     1   418
260806 1840  -7  0.07   7.0401589  EA6LA JM19 23           0  0.62  1  1    0  0   1     1   612
260806 1840 -14  0.37   7.0401720  DK7MI JN67 17           0  0.32  1  1    0  0   5     1   472
260806 1840 -28 -0.83   7.0401811  F4HHR JN07 10           0  0.12  1  1    0  1  37     1   810
260806 1842 -22  0.02   7.0399990  PD3PAM JO32 30          0  0.21  1  1    0  0  17     2   208
260806 1842 -16 -0.06   7.0400046  EA5RKP IM99 23          0  0.57  1  1    0  0   1     1   670
260806 1842 -12  0.15   7.0400202  G0KRB JO02 37           0  0.49  1  1    0  0   1     1   532
260806 1842 -21  5.06   7.0400377  SQ9RHX JO81 23          0  0.21  1  1    0  0  22     3   229
260806 1842 -22 -0.06   7.0400451  F4BAD JN25 20           0  0.18  1  1    0  1  39     1   810
260806 1842 -21 -0.10   7.0400480  HB9HJL JN47 23          0  0.25  1  1    0  1  33     1   810
260806 1842 -20  0.11   7.0400804  EK1RR LN20 30           0  0.13  2  1    0  0  22    36    51
260806 1842 -12 -0.19   7.0400855  EB1A IN53 27            0  0.34  1  1    0  0  10     1   377
260806 1842 -24  0.32   7.0401104  HG7RED JN97 23         -1  0.15  1  1    0  1  30     1   810
260806 1842 -21  0.19   7.0401218  ON4WS JO20 30           0  0.28  1  1    0  0  19     1   277
260806 1842 -13 -0.23   7.0401332  I0LYO JN52 23           0  0.37  1  1    0  0  13     1   388
260806 1842 -25 -0.10   7.0401478  G7KIA IO93 23           0  0.21  1  1    0  0  24     9    35
260806 1842 -24  5.10   7.0401708  M9OHM IO82 23           0  0.16  1  1    0  0  30    17    -1
260806_184400     7.039 Tx WSPR     0  0.0 1444 EA6AJT JM19 30
260806 1846 -23  0.07   7.0399990  PD3PAM JO32 30          0  0.28  1  1    0  0  11     1   378
260806 1846 -15  0.28   7.0400154  G4GCI IO90 37           0  0.41  1  1    0  0   6     1   491
260806 1846 -14 -0.15   7.0400318  IU0JJD JN61 23          0  0.36  1  1    0  1  24     1   810
260806 1846 -16 -0.10   7.0400349  <EA1LC> IN53SI 23       0  0.27  2  1    0  0  20     1   250
260806 1846 -19  0.58   7.0400409  I0LYO JN52 23           0  0.23  1  1    0  0  18     2   181
260806 1846  -6 -0.06   7.0400746  9A3ZI JN86  3           0  0.35  1  1    0  0   5     1   475
260806 1846 -15  0.07   7.0400806  OZ2JBR JO65 37          0  0.19  1  1  -16  0  17    32    90
260806 1846 -15  0.83   7.0400872  PA2W JO22 37            0  0.39  1  1    0  0   7     1   463
260806 1846 -20  0.24   7.0400954  PD0R JO22 30            0  0.19  2  1    0  1  41     1   810
260806 1846 -15 -0.10   7.0400958  <IK5ZAI> JN53FU 23      0  0.33  1  1  -16  0  29    80  -104
260806 1846 -20  0.11   7.0401102  G7SYO IO90 27           0  0.31  1  1    0  0  20     4   182
260806 1846  -8  0.02   7.0401371  F6EGX JN35 37           0  0.44  1  1    0  0   1     1   519
260806 1846 -26 -0.23   7.0401516  GM8FXD IO77 30          0  0.12  1  1    0  1  47     1   810
260806 1846 -22 -1.64   7.0401544  F4WFT IN98 23           0  0.25  1  1    0  0  25     1   146
260806 1846 -18 -0.23   7.0401605  G3JKF JO00 33           0  0.26  1  1    0  0  12     1   388
260806 1846 -21  4.12   7.0401649  IK5CHL JN53 30          1  0.15  1  1    0  1  35     1   810
260806 1846 -16 -0.15   7.0401876  EA5RKP IM99 23          0  0.34  1  1    0  0   9     1   528
260806 1846 -16  0.28   7.0401929  <EA4TK> IN80EJ 23       0  0.46  1  1    0  0  10     1   469
260806_185000     7.039 Tx WSPR     0  0.0 1444 EA6AJT JM19 30
260806 1848 -23  4.72   7.0400020  SQ9RHX JO81 23          0  0.14  1  1   -8  1  26     1   810
260806 1848 -24  4.93   7.0400089  M9OHM IO82 23           0  0.12  3  1   -8  1  47     1   810
260806 1848 -21 -0.06   7.0400214  SP9PWS KN09 13          0  0.28  1  1    0  0  13     1   342
260806 1848 -13 -0.15   7.0400320  <IU0JJD> JN61TP 23      0  0.27  1  1    0  0  15     1   430
260806 1848 -10 -0.02   7.0400377  G4HSB IO94 23           0  0.28  2  1    0  0  16     1   208
260806 1848  -6  0.19   7.0400395  DK2DB JN48 37           0  0.13  1  1    0  0  20     2   222
260806 1848 -16  0.54   7.0400452  I0LYO JN52 23           0  0.17  2  1    0  1  35     1   810
260806 1848 -25  0.11   7.0400686  DL6NL JO50 27           0  0.24  1  1    0  0  20    13    87
260806 1848 -11 -0.19   7.0400854  EB1A IN53 27            0  0.26  1  1    0  0  30     8   108
260806 1848 -15  0.62   7.0401003  F6IDT JN33 37           0  0.42  1  1    0  0   7     1   528
260806 1848 -14 -0.23   7.0401092  OE7XZB JN57 23          0  0.20  1  1    0  0  17     1   316
260806 1848 -20 -0.02   7.0401105  <G7SYO> IO90DR 27       0  0.22  2  1    0  0  39   285  -120
260806 1848 -26 -0.87   7.0401809  F4HHR JN07 10           0  0.23  1  1    0  0  34   269   -79
260806 1848 -28  0.15   7.0401977  OE6LHG JN77 23          0  0.14  1  1    0  1  43     1   810
260806 1852 -19 -0.06   7.0399992  PD3PAM JO32 30          0  0.30  1  1    0  1  34     1   810
260806 1852 -17  0.07   7.0400158  I0LYO JN52 23           0  0.24  2  1    0  0  23     6    72
260806 1852 -10  0.15   7.0400200  G0KRB JO02 37           0  0.46  1  1    0  0   2     1   505
260806 1852 -10 -0.10   7.0400313  EA5UV IM99 23           0  0.65  1  1    0  0   0     1   731
260806 1852 -22  4.80   7.0400506  SQ9RHX JO81 23          0  0.18  1  1    0  0  30     9    79
260806 1852 -19 -0.15   7.0400692  OK1BF JO70 23           0  0.21  1  1    0  1  35     1   810
260806 1852 -16  0.02   7.0400862  DL4XJ JO42 30           0  0.22  1  1   24  1  37     1   810
260806 1852 -25  5.10   7.0400927  M9OHM IO82 23           0  0.17  1  1   16  1  43     1   810
260806 1852 -17  0.28   7.0401198  DK7MI JN67 17           0  0.17  1  1    0  0  22    10    92
260806 1852 -20  0.19   7.0401224  ON4WS JO20 30           0  0.15  1  1    0  0  31   155   -73
260806 1852 -26  0.02   7.0401658  F4BAD JN25 20          -2  0.24  1  1    0  0  34    44   -50
260806 1852 -28 -0.91   7.0401810  F4HHR JN07 10           0  0.17  1  1    0  1  33     1   810
260806 1854 -21  0.11   7.0399992  PD3PAM JO32 30          0  0.33  1  1    0  0  12     1   450
260806 1854 -19 -0.10   7.0400295  2E0DSS IO82 33          0  0.42  1  1    0  0   5     1   510
260806 1854 -17 -0.06   7.0400526  EA5RKP IM99 23          0  0.41  1  1    0  0   8     1   471
260806 1854 -26  4.89   7.0400581  M9OHM IO82 23           0  0.19  1  1    0  1  41     1   810
260806 1854 -18 -0.23   7.0400695  <OK1BF> JO70UB 23       0  0.20  2  1    0  0  23     3    65
260806 1854  -5  0.62   7.0400763  9A3ZI JN86  3           0  0.33  1  1    0  0   8     1   451
260806 1854 -13 -0.23   7.0400856  EB1A IN53 27            0  0.31  1  1    0  0  13     1   362
260806 1854 -18  0.02   7.0401062  I0LYO JN52 23           0  0.27  1  1    0  0  18     2   251
260806 1854 -23  0.15   7.0401158  CT1BAT IN50  0          0  0.27  1  1    0  0  22     9   108
260806 1854 -19  0.37   7.0401336  EI7II IO51 23           0  0.32  1  1    0  0  11     1   369
260806 1854 -15 -0.10   7.0401646  DK3TG JN58 23           0  0.41  1  1    0  0   6     1   508
260806 1854 -19  4.21   7.0401746  IK5CHL JN53 30          0  0.20  1  1    0  0  22     1   143
260806 1854 -22  4.89   7.0401779  SQ9RHX JO81 23          0  0.16  2  1    0  1  38     1   810
260806_185600     7.039 Tx WSPR     0  0.0 1444 EA6AJT JM19 30
260806 1858 -23  0.02   7.0399991  PD3PAM JO32 30          0  0.29  1  1    0  0  11     2   272
260806 1858 -16 -0.10   7.0400144  EA5RKP IM99 23          0  0.45  1  1    0  0   4     1   565
260806 1858 -26 -0.23   7.0400218  YO6RV KN25 23           0  0.20  1  1   -8  0  38   487   -95
260806 1858 -13 -0.19   7.0400512  I0LYO JN52 23           0  0.38  1  1    0  0   8    22   280
260806 1858 -15 -0.23   7.0400597  <IU0JJD> JN61TP 23      0  0.44  1  1    0  0   1     1   462
260806 1858 -22  4.93   7.0401017  M9OHM IO82 23           0  0.17  1  1    0  1  40     1   810
260806 1858 -20  0.07   7.0401132  <G7SYO> IO90DR 27       0  0.24  1  1    0  0  23     1   245
260806 1858 -20  4.80   7.0401188  SQ9RHX JO81 23          0  0.22  1  1    0  0  24    39   128
260806 1858 -13  0.66   7.0401292  F6IDT JN33 37           0  0.43  1  1    0  0   3     1   457
260806 1858  -6  0.07   7.0401372  F6EGX JN35 37           0  0.46  1  1    0  0   4     1   462
260806 1858  -9 -0.10   7.0401564  G4HSB IO94 23           0  0.47  1  1    0  0   1     1   502
260806 1858 -28 -0.87   7.0401808  F4HHR JN07 10           0  0.19  1  1    0  1  39     1   810
260806_190000     7.039 Tx WSPR     0  0.0 1444 EA6AJT JM19 30
260806 1902 -12 -0.45   7.0400052  I0LYO JN52 23           0  0.39  1  1    0  0   5     1   483
260806 1902 -17  0.11   7.0400165  <DG1GHR> JN48AO 37      0  0.28  1  1    0  0  24     2   143
260806 1902 -13  0.15   7.0400197  G0KRB JO02 37           0  0.36  1  1    0  0   5     1   477
260806 1902 -21  4.85   7.0400286  M9OHM IO82 23           0  0.27  1  1    0  0  21     1   229
260806 1902 -26 -0.10   7.0400517  G7KIA IO93 23           0  0.21  1  1    0  0  17     7   135
260806 1902 -25  0.02   7.0400721  F4BAD JN25 20          -2  0.26  1  1    0  0  20     2   180
260806 1902 -20 -0.06   7.0400997  DK9ES JO31 23           0  0.24  1  1    0  0  14     1   318
260806 1902 -20  4.80   7.0401188  SQ9RHX JO81 23          1  0.15  1  1    0  1  35     1   810
260806 1902 -22  0.15   7.0401219  ON4WS JO20 30           0  0.18  2  1    0  1  38     1   810
260806 1902 -13 -0.06   7.0401258  <DL1FX> JN49GR 23       0  0.37  1  1    0  0   5     1   523
260806 1902 -20 -0.06   7.0401383  M0THH IO93 33           0  0.16  1  1    8  1  32     1   810
260806 1902 -19 -0.10   7.0401416  HB9HJL JN47 23          0  0.22  1  1    0  1  39     1   810
260806 1902 -23 -0.27   7.0401565  PA2PGU JO32 23          0  0.25  1  1    0  0  21     3   222
260806 1902 -19 -0.06   7.0401902  EA5RKP IM99 23          0  0.42  1  1    0  0   3     1   600
260806 1904 -21  0.07   7.0399994  PD3PAM JO32 30          0  0.16  1  1    8  1  33     1   810
260806 1904 -22  4.80   7.0400011  SQ9RHX JO81 23          0  0.20  2  1    0  1  34     1   810
260806 1904 -25 -0.06   7.0400228  SP9PWS KN09 13          0  0.28  1  1    0  0  21     2   264
260806 1904 -24 -0.15   7.0400522  <G7KIA> IO93ET 23       0  0.25  1  1    0  0  24     4    69
260806 1904 -28 -0.23   7.0400585  IZ5MJO JN53 10          0  0.17  1  1    0  1  33     1   810
260806 1904 -18 -0.19   7.0400690  DK3TG JN58 23           0  0.32  1  1    0  0  11     1   407
260806 1904 -15 -0.45   7.0400869  YO6FNF KN25 20          0  0.18  1  1    0  0  22     3    75
260806 1904 -19 -0.19   7.0401080  OE9PTI JN47 23          0  0.33  1  1    0  0   2     1   510
260806 1904 -14  0.28   7.0401264  DK7MI JN67 17           0  0.48  1  1    0  0   1     1   548
260806 1904 -24 -0.62   7.0401385  G4VNM IO90 23           0  0.12  1  1    0  1  34     1   810
260806 1904 -12  0.45   7.0401443  I0LYO JN52 23           0  0.38  1  1    0  0   7     1   414
260806 1904 -15 -0.10   7.0401512  EB5RCA IM98 23          0  0.45  1  1    0  0   7     1   468
260806 1904 -21  3.22   7.0401850  IK5CHL JN53 30          0  0.25  1  1    0  0  14     1   297
260806 1904 -27  0.11   7.0401918  OE6LHG JN77 23          0  0.12  2  1   16  1  44     1   810
260806_190600     7.039 Tx WSPR     0  0.0 1444 EA6AJT JM19 30
260806 1908  -6 -0.15   7.0400333  EA5UV IM99 23           0  0.54  1  1    0  0   1     1   543
260806 1908  -6  0.11   7.0400399  DK2DB JN48 37           0  0.42  1  1    0  0   7     1   479
260806 1908 -20  4.93   7.0400501  SQ9RHX JO81 23          0  0.18  1  1    0  1  35     1   810
260806 1908 -11 -0.19   7.0400600  <IU0JJD> JN61TP 23      0  0.57  1  1    0  0   3     1   597
260806 1908 -27  0.11   7.0400696  DL6NL JO50 27           0  0.12  2  1    0  1  41     1   810
260806 1908 -15  0.11   7.0400956  PD0R JO22 30            0  0.33  1  1    0  0   8     1   490
260806 1908 -13  0.79   7.0401011  G1FQD IO82 37           0  0.41  1  1    0  0   6     1   508
260806 1908 -20 -0.15   7.0401265  G6CKK JO01 23           0  0.26  1  1    0  0  15     1   331
260806 1908 -12  0.02   7.0401335  G4HSB IO94 23           0  0.28  1  1    0  0  14     1   306
260806 1908 -12 -0.10   7.0401379  EA1LC IN53 23           1  0.22  1  1    0  0  11     1   363
260806 1908 -12  0.66   7.0401572  F6IDT JN33 37           0  0.57  1  1    0  0   2     1   607
260806 1908 -26  4.80   7.0401898  M9OHM IO82 23           0  0.19  1  1    0  1  43     1   810
260806 1910 -27  4.85   7.0400111  M9OHM IO82 23           0  0.11  3  1    0  1  38     1   810
260806 1910 -23 -0.19   7.0400341  <HB9AR> JN36BE 23       0  0.33  1  1    0  0  16     4   310
260806 1910 -23 -0.15   7.0400408  <OK1BF> JO70UB 23       0  0.29  1  1    0  0  22     1   211
260806 1910 -21  4.76   7.0401143  SQ9RHX JO81 23          0  0.19  1  1    0  0  29     3    90
260806 1910  -5  0.02   7.0401376  F6EGX JN35 37           0  0.43  1  1    0  0   4     1   475
260806 1910 -10  0.07   7.0401516  HB9AK JN36 23           0  0.34  1  1    0  0   4     1   487
260806 1910 -12 -0.02   7.0401569  EA5RKP IM99 23          0  0.36  2  1    0  1  26     1   810
260806 1910  -5  0.07   7.0401587  EA6LA JM19 23           0  0.43  1  1    0  0   2     1   598
260806 1910 -28 -0.91   7.0401812  F4HHR JN07 10           0  0.13  1  1   -8  1  41     1   810
260806 1910 -21  0.32   7.0401899  EI7II IO51 23          -1  0.15  1  1    8  1  35     1   810
260806 1910 -21  0.49   7.0401938  DL6OBU JO43 23          0  0.19  1  1    0  0  28    71    11
260806 1912 -19 -0.91   7.0399991  F/PE0FKO 10             0  0.25  1  1    0  0  21    40   130
260806 1912 -25  0.02   7.0399994  PD3PAM JO32 30          0  0.23  2  1    0  0  27     5    94
260806 1912 -23  0.11   7.0400162  CT1BAT IN50  0          0  0.33  1  1    0  0  16     1   359
260806 1912 -21  4.76   7.0400405  SQ9RHX JO81 23          0  0.26  1  1    0  0  20     1   239
260806 1912 -19 -0.10   7.0400590  IK5ZAI JN53 23          0  0.40  1  1    0  0   5     1   481
260806 1912 -26  0.02   7.0400700  DL6NL JO50 27           0  0.12  1  1    0  1  42     1   810
260806 1912 -10  0.79   7.0400785  9A3ZI JN86  3           0  0.38  1  1    0  0  12     1   410
260806 1912 -12 -0.32   7.0400855  EB1A IN53 27            0  0.32  1  1    0  0   9     1   386
260806 1912 -21  0.11   7.0401231  ON4WS JO20 30           0  0.22  1  1    0  0  17     1   267
260806 1912 -20 -0.15   7.0401289  HB9HJL JN47 23          0  0.27  1  1    0  0  17     4   238
260806 1912 -21  3.22   7.0401950  IK5CHL JN53 30          1  0.29  1  1    0  0  15     3   306
260806_191400     7.039 Tx WSPR     0  0.0 1444 EA6AJT JM19 30
260806 1916 -24 -0.02   7.0400026  DL0PBS JO33 23          0  0.26  1  1    0  0  18     1   313
260806 1916 -10  0.07   7.0400284  HB9HIH JN36 37          0  0.51  1  1    0  0  12     1   455
260806 1916 -26  4.72   7.0400428  M9OHM IO82 23           0  0.17  1  1    0  0  32   379  -116
260806 1916  -5 -0.19   7.0400751  EA5UV IM99 23           0  0.48  1  1    0  0   3     1   515
260806 1916 -16  0.02   7.0400956  PD0R JO22 30            0  0.41  1  1    0  0   2     1   534
260806 1916 -26 -0.62   7.0401386  G4VNM IO90 23           0  0.20  2  1    0  1  40     1   810
260806 1916 -22  0.07   7.0401403  G3WPD IO91 27           0  0.16  1  1    0  1  37     1   810
260806 1916 -24 -0.32   7.0401520  GM8FXD IO77 30          0  0.21  2  1    0  0  35   142   -79
260806 1916 -15 -0.19   7.0401570  IU0JJD JN61 23          0  0.37  1  1    0  0   6     1   492
260806 1916 -16  0.28   7.0401627  DK7MI JN67 17           0  0.35  1  1    0  0  12     1   458
260806 1916 -18  0.15   7.0401732  G7SYO IO90 27           0  0.35  1  1    0  0  10     1   472
260806 1916 -23  4.80   7.0401936  SQ9RHX JO81 23          0  0.17  1  1    0  1  43     1   810
260806_191800     7.039 Tx WSPR     0  0.0 1444 EA6AJT JM19 30
260806 1920 -23 -0.02   7.0399993  PD3PAM JO32 30          0  0.31  1  1    0  0   8     1   414
260806 1920 -26  0.32   7.0400121  PD1RE JO22 23           0  0.19  1  1    0  1  31     1   810
260806 1920 -23 -0.27   7.0400275  PA2PGU JO32 23          0  0.29  1  1    0  0  18     1   223
260806 1920 -30 -0.23   7.0400389  IZ5MJO JN53 10          0  0.18  1  1    0  1  39     1   810
260806 1920 -27  0.07   7.0400700  DL6NL JO50 27           0  0.16  2  1  -16  1  42     1   810
260806 1920 -14 -0.19   7.0400872  YO6FNF KN25 20         -1  0.24  1  1    0  0  22     2   187
260806 1920 -12 -0.02   7.0401012  SM7XGC JO65 10         -1  0.41  1  1    0  0   2     1   500
260806 1920 -24 -0.15   7.0401408  SP9PWS KN09 13          0  0.15  1  1    0  1  42     1   810
260806 1920 -21 -0.19   7.0401469  EB5RCA IM98 23          0  0.28  1  1    0  0  13     1   332
260806 1920  -4  0.02   7.0401585  EA6LA JM19 23           0  0.58  1  1    0  0   1     1   672
260806 1920 -22  4.72   7.0401805  SQ9RHX JO81 23          0  0.22  1  1    0  1  39     1   810
260806 1920 -25  4.76   7.0401936  M9OHM IO82 23           0  0.17  1  1    0  1  30     1   810
260806 1920 -16  3.22   7.0402047  IK5CHL JN53 30          0  0.44  1  1    0  0   6     1   450
260806_192200     7.039 Tx WSPR     0  0.0 1444 EA6AJT JM19 30
260806 1924 -23 -0.91   7.0399990  F/PE0FKO 10             0  0.35  1  1    0  0  12     1   368
260806 1924 -29 -0.15   7.0400101  GM4DTH IO85 23          0  0.15  1  1    0  0  29    45  -117
260806 1924 -17 -0.23   7.0400293  2E0DSS IO82 33          0  0.22  1  1    0  0  14     1   363
260806 1924  -4 -0.15   7.0400353  EA5UV IM99 23           0  0.56  1  1    0  0   1     1   586
260806 1924 -28  0.07   7.0400702  DL6NL JO50 27           0  0.18  2  1    0  1  39     1   810
260806 1924 -20 -0.27   7.0400740  DK3TG JN57 23           0  0.13  1  1    0  0  19     3   227
260806 1924 -11  0.24   7.0400795  9A3ZI JN86  3           0  0.28  1  1    0  0   7     1   411
260806 1924 -10 -0.27   7.0400854  EB1A IN53 27            0  0.37  1  1    0  0  17     1   286
260806 1924 -17  0.07   7.0400956  PD0R JO22 30            0  0.38  1  1    0  0   8     1   453
260806 1924 -20  4.63   7.0401327  M9OHM IO82 23           0  0.16  1  1    0  0  24     4    50
260806 1924 -18 -0.10   7.0401367  OK1BF JO70 23           0  0.18  1  1    0  0  27    25   111
260806 1924 -15  0.28   7.0401418  EA4TK IN80 23           0  0.43  1  1    0  0   0     1   613
260806 1924 -18 -0.10   7.0401703  G6CKK JO01 23           0  0.23  1  1    0  1  40     1   810
260806 1924 -23  4.63   7.0401725  SQ9RHX JO81 23          0  0.20  2  1    0  1  35     1   810
260806 1924 -13 -0.15   7.0401825  OE7XZB JN57 23          0  0.40  1  1    0  0   3     1   444
260806_192800     7.039 Tx WSPR     0  0.0 1444 EA6AJT JM19 30
260806 1926 -23 -0.02   7.0399996  PD3PAM JO32 30          0  0.26  1  1    0  0  19     1   183
260806 1926 -12  0.11   7.0400203  G0KRB JO02 37           0  0.36  1  1    0  0   3     1   495
260806 1926 -16 -0.15   7.0400302  IU0JJD JN61 23          0  0.35  1  1    0  0   6     1   484
260806 1926 -24 -0.27   7.0400610  PA2PGU JO32 23          0  0.18  2  1    0  0  34    11   -18
260806 1926 -14  0.02   7.0400635  G8ORM IO93 33           0  0.43  1  1    0  0  14     1   280
260806 1926 -17  0.07   7.0400665  OZ9ACF JO65 37          0  0.37  1  1    0  1  33     1   810
260806 1926 -22  0.32   7.0400874  LA1ITS JO59 37          0  0.25  1  1    0  0  24     9   172
260806 1926 -19  0.02   7.0401003  DK9ES JO31 23           0  0.27  2  1    0  1  42     1   810
260806 1926  -7  0.11   7.0401013  ON4DMD JO11 40          0  0.44  1  1    0  0   5     1   506
260806 1926 -19 -0.19   7.0401369  <OK1BF> JO70UB 23       0  0.18  1  1    0  0  14     1   233
260806 1926 -28 -0.53   7.0401389  G4VNM IO90 23           0  0.14  2  1  -32  1  42     1   810
260806 1926 -16  0.24   7.0401419  <EA4TK> IN80EJ 23       0  0.43  1  1    0  0   1     1   573
260806 1926 -21  0.11   7.0401472  DG1GHR JN48 37          0  0.15  1  1    0  0  23    26   148
260806 1926 -23 -0.15   7.0401519  GM8FXD IO77 30          0  0.13  2  1    0  0  16     2    92
260806 1926 -15 -0.19   7.0401578  EA5RKP IM99 23          0  0.37  1  1    0  0  17     2   276
260806 1926 -14 -0.10   7.0401608  G3JKF JO00 33           0  0.37  1  1    0  1  22     1   810
260806 1926 -25 -0.15   7.0401706  <...> IO91SK 23         0  0.19  1  1  -24  0  53    71   -29
260806 1926 -19  0.11   7.0401825  G7SYO IO90 27           0  0.34  1  1    0  0  10     1   343
260806 1930 -18 -0.91   7.0399991  F/PE0FKO 10             0  0.47  1  1    0  0  12     1   297
260806 1930  -6  0.07   7.0400403  DK2DB JN48 37           0  0.41  1  1    0  0   2     1   561
260806 1930 -22  4.72   7.0400569  M9OHM IO82 23           0  0.25  1  1    0  0  25    10   159
260806 1930 -11 -0.32   7.0400855  EB1A IN53 27            0  0.41  1  1    0  0   7     1   417
260806 1930 -27  0.07   7.0401019  M0XMP JO02 23           0  0.15  1  1   -8  1  40     1   810
260806 1930 -20  0.41   7.0401154  DL6OBU JO43 23          0  0.17  1  1    0  0  26   488  -119
260806 1930 -23  0.07   7.0401171  DL3YAV JO42 30          0  0.26  2  1    0  0  26     2   124
260806 1930 -19 -0.06   7.0401386  M0THH IO93 33           0  0.32  1  1    0  0   8     1   332
260806 1930 -12 -0.19   7.0401506  EA5RKP IM99 23          0  0.23  1  1    0  0  17     1   291
260806 1930  -5 -0.02   7.0401586  EA6LA JM19 23           0  0.44  1  1    0  0   1     1   596
260806_193200     7.039 Tx WSPR     0  0.0 1444 EA6AJT JM19 30
260806 1934 -23  0.02   7.0399996  PD3PAM JO32 30          0  0.31  1  1    0  0  18     1   290
260806 1934 -24  4.72   7.0400451  M9OHM IO82 23           0  0.24  1  1    0  0  35    26   -60
260806 1934 -13 -0.15   7.0400631  <EA1LC> IN53SI 23       0  0.42  1  1    0  0   9     1   471
260806 1934 -20 -0.23   7.0400700  I0LYO JN52 23           0  0.22  2  1    0  0  24     8    15
260806 1934 -16 -0.23   7.0400715  EA5RKP IM99 23          0  0.20  1  1    0  0  19     1   311
260806 1934 -24 -0.10   7.0401112  DK3TG JN58 23           0  0.23  1  1    0  0  21     3   149
260806 1934 -25  4.80   7.0401545  SQ9RHX JO81 23          0  0.16  1  1    0  1  33     1   810
260806 1934 -28 -0.96   7.0401822  F4HHR JN07 10           0  0.18  1  1    0  1  33     1   810
260806 1936 -22 -0.87   7.0399992  F/PE0FKO 10             0  0.33  1  1    0  0  15     1   283
260806 1936 -22 -0.23   7.0400132  EB5RCA IM98 23          0  0.36  1  1    0  0  10     1   443
260806 1936 -25  4.72   7.0400433  M9OHM IO82 23           0  0.20  1  1    0  0  30   476   -68
260806 1936 -28  0.15   7.0400705  DL6NL JO50 27           0  0.14  1  1   -8  1  39     1   810
260806 1936  -7 -0.15   7.0400856  EB1A IN53 27            0  0.37  1  1    0  0  14     1   313
260806 1936 -18  0.07   7.0400961  PD0R JO22 30            0  0.35  1  1    0  0   6     1   470
260806 1936 -19  0.02   7.0401249  G7SYO IO90 27           0  0.27  1  1    0  0  21     2   115
260806 1936 -18 -0.15   7.0401432  I0LYO JN52 23           0  0.24  1  1    0  0  22     1   214
260806 1936 -24 -0.15   7.0401520  GM8FXD IO77 30          0  0.22  2  1    0  0  17     8   137
260806 1936 -19 -0.02   7.0401534  G3LRS IO92 27           0  0.16  1  1    0  0  19     1   236
260806 1936 -13 -0.15   7.0401602  IU0JJD JN61 23          0  0.33  1  1    0  0   7     1   481
260806 1936 -27 -1.00   7.0401822  F4HHR JN07 10           0  0.14  2  1   24  1  36     1   810
260806 1938 -20  0.02   7.0399999  PD3PAM JO32 30          0  0.40  1  1    0  0   8     1   404
260806 1938 -12  0.11   7.0400206  G0KRB JO02 37           0  0.46  1  1    0  0   2     1   550
260806 1938 -17  0.62   7.0400344  F6IDT JN33 37           0  0.42  1  1    0  0   7     1   501
260806 1938 -16 -0.27   7.0400491  I0LYO JN52 23           0  0.27  1  1    0  0  14     1   287
260806 1938 -26 -0.15   7.0400646  G0HYT IO91 23           0  0.20  1  1    0  0  25     4    50
260806 1938  -3 -0.91   7.0400812  GX2PLX JO02 43          0  0.40  1  1    0  0   5     1   502
260806 1938 -13  0.58   7.0400816  9A3ZI JN86  3           0  0.18  2  1    0  0  40   333   -63
260806 1938 -20 -0.02   7.0401007  DK9ES JO31 23           0  0.36  1  1    0  0  16     1   338
260806 1938 -11 -0.15   7.0401257  EA5RKP IM99 23          0  0.31  1  1    0  0  22     2   178
260806 1938 -16 -0.06   7.0401267  <DL1FX> JN49GR 23       0  0.25  2  1    0  0  17    11   285
260806 1938 -26 -0.62   7.0401393  G4VNM IO90 23           0  0.20  1  1    0  0  23     1   170
260806 1938 -12 -0.19   7.0401605  <IU0JJD> JN61TP 23      0  0.37  1  1    0  0   6     1   482
260806 1938 -10 -0.10   7.0401718  G4HSB IO94 23           0  0.46  1  1    0  0  15     1   289
260806 1940 -19 -0.02   7.0399999  PD3PAM JO32 30          0  0.39  1  1    0  0  10     1   400
260806 1940 -27 -0.06   7.0400036  DL0PBS JO33 23          0  0.20  2  1    0  1  38     1   810
260806 1940 -24  4.80   7.0400153  M9OHM IO82 23           0  0.14  1  1    0  1  46     1   810
260806 1940 -21  0.28   7.0400163  DK7MI JN67 17           0  0.15  1  1    0  1  37     1   810
260806 1940 -22 -0.15   7.0400250  G6CKK JO01 23           0  0.27  1  1    0  0  18     1   262
260806 1940  -9  0.07   7.0400406  DK2DB JN48 37           0  0.44  1  1    0  0   0     1   589
260806 1940 -26 -0.19   7.0400648  <G0HYT> IO91SK 23       0  0.21  3  1  -16  0  36   352  -159
260806 1940 -24  4.76   7.0400738  SQ9RHX JO81 23          0  0.18  1  1    0  1  37     1   810
260806 1940 -11 -0.15   7.0400827  OE9PTI JN47 23          0  0.20  3  4    0  0  18    19   -68
260806 1940  -6 -0.15   7.0400976  SM7XGC JO65 10          0  0.40  1  1    0  1  39     1   810
260806 1940  -3 -0.15   7.0401005  EA5UV IM99 23           0  0.54  1  1    0  0   4     1   550
260806 1940 -22 -0.06   7.0401176  DL3YAV JO42 30          0  0.26  1  1    0  0  24    13   199
260806 1940 -18 -0.06   7.0401391  M0THH IO93 33           0  0.23  1  1    0  0   8     1   430
260806 1940 -23  0.07   7.0401408  G3WPD IO91 27           0  0.26  2  1    0  0  32    18   -72
260806 1940  -8 -0.02   7.0401530  HB9AK JN36 23           0  0.34  1  1    0  0  10     1   448
260806 1940 -16  0.54   7.0401544  I0LYO JN52 23           0  0.18  2  1    0  1  39     1   810
260806 1940  -6  0.02   7.0401588  EA6LA JM19 23           1  0.40  1  1    0  0   9     1   485
260806 1940 -31 -0.06   7.0402005  EA5UV IM99 23           0  0.13  1  1  -24  1  47     1   810
260806 1942 -13  0.41   7.0400014  EI7II IO51 23           0  0.22  1  1    0  0  21     2    84
260806 1942 -17 -0.19   7.0400077  OE7XZB JN57 23          0  0.33  1  1    0  0  25    55   -30
260806 1942 -21 -0.23   7.0400352  HB9HJL JN47 23          0  0.38  1  1    0  0  10     1   411
260806 1942 -23  4.72   7.0400435  M9OHM IO82 23           0  0.18  1  1    0  1  28     1   810
260806 1942 -17  3.44   7.0400505  I0LYO JN52 23           0  0.24  1  1    0  0  24    62   118
260806 1942 -20 -0.15   7.0400793  HB9AR JN36 23           0  0.15  1  1  -40  1  32     1   810
260806 1942  -6 -0.19   7.0400860  EB1A IN53 27            0  0.42  1  1    0  0   8     1   429
260806 1942 -11 -0.10   7.0400938  EA5RKP IM99 23          0  0.39  1  1    0  0  11     1   354
260806 1942 -12 -0.06   7.0400966  PD0R JO22 30            0  0.34  1  1    0  1  35     1   810
260806 1942 -26  0.28   7.0401028  G8LDJ JO01 30           0  0.14  1  1  -32  1  46     1   810
260806 1942 -21  0.11   7.0401223  ON4WS JO20 30           0  0.30  1  1    0  0  14    16   303
260806 1942 -25 -0.62   7.0401393  G4VNM IO90 23           0  0.24  1  1    0  0  23     6   112
260806 1942 -18 -0.10   7.0401601  <IK5ZAI> JN53FU 23      0  0.16  1  1  -64  0  24   274   -58
260806 1944 -20 -0.02   7.0400001  PD3PAM JO32 30          0  0.38  1  1    0  0   9     1   460
260806 1944 -19 -0.23   7.0400075  <G7KIA> IO93ET 23       0  0.23  1  1    0  0  13     3   347
260806 1944 -17  5.36   7.0400126  I0LYO JN52 23           0  0.25  1  1    0  0  23     1   174
260806 1944 -23  4.72   7.0400254  M9OHM IO82 23           0  0.24  1  1    0  0  22     2   185
260806 1944 -29 -0.02   7.0400533  PH9K JO33 30            0  0.17  1  1   -8  1  35     1   810
260806 1944 -23  0.11   7.0400750  CT1BAT IN50  0          0  0.21  1  1    0  0  18     1   230
260806 1944 -23 -0.27   7.0400795  <HB9AR> JN36BE 23       0  0.30  1  1    0  0  24     1   135
260806 1944 -23 -0.27   7.0401025  PA2PGU JO32 23          0  0.25  1  1    0  0  25     1   139
260806 1944 -23 -0.06   7.0401176  DL3YAV JO42 30          0  0.28  1  1    0  0  20     2   254
260806 1944  -8  0.02   7.0401377  F6EGX JN35 37          -1  0.49  1  1    0  0   1     1   584
260806 1944 -24 -0.19   7.0401517  DK3TG JN58 23           0  0.25  1  1    0  0  25     4   120
260806 1946  -8  0.83   7.0400162  G4GCI IO90 37           0  0.28  1  1    0  0   8     1   427
260806 1946  -7 -0.15   7.0400198  IU0JJD JN61 23          0  0.20  1  1    0  0  24    12    15
260806 1946 -13  0.02   7.0400208  G0KRB JO02 37           0  0.28  2  1    0  0  19     1   226
260806 1946 -11 -0.19   7.0400349  EA5RKP IM99 23          0  0.59  1  1    0  0   3     1   587
260806 1946 -22  4.59   7.0400384  M9OHM IO82 23           0  0.22  2  1    0  0  28    20    47
260806 1946 -21  5.31   7.0400552  IK5CHL JN53 30          0  0.27  1  1    0  0  23     2   245
260806 1946 -13 -0.02   7.0400641  G8ORM IO93 33           0  0.47  1  1    0  0   2     1   540
260806 1946  -7  0.15   7.0400828  9A3ZI JN86  3           0  0.23  3  4    0  0  23     6    53
260806 1946 -16 -0.10   7.0400875  DL4XJ JO42 30           0  0.14  3  1   24  1  33     1   810
260806 1946 -13 -0.23   7.0400937  IK6ZEW JN72 20          0  0.29  1  1    0  0  36   263   -69
260806 1946 -16  0.02   7.0400964  PD0R JO22 30            0  0.22  2  1    0  0  28   195   -98
260806 1946 -10  0.02   7.0401018  ON4DMD JO11 40          0  0.45  1  1    0  0   4     1   508
260806 1946 -18  0.11   7.0401322  CT1ETL/1 37             0  0.29  1  1    0  0  10     1   364
260806 1946 -22 -0.23   7.0401523  GM8FXD IO77 30          0  0.14  1  1    0  0  30   135  -123
260806 1946 -21 -2.71   7.0401552  F4WFT IN98 23           0  0.13  1  1    0  1  33     1   810
260806 1946 -15 -0.10   7.0401611  G3JKF JO00 33           0  0.34  1  1    0  0   6     1   465
260806 1946 -24  4.72   7.0401648  SQ9RHX JO81 23         -1  0.16  2  1    0  1  42     1   810
260806 1946 -14  5.27   7.0401737  I0LYO JN52 23           0  0.35  1  1    0  0  14     1   369
260806 1946 -27 -0.91   7.0401820  F4HHR JN07 10           0  0.18  1  1    0  1  45     1   810
260806 1948 -22  0.07   7.0400001  PD3PAM JO32 30          0  0.31  1  1    0  0  19     1   279
260806 1948  -8 -0.19   7.0400197  <IU0JJD> JN61TP 23      0  0.36  1  1    0  0   9     1   454
260806 1948 -16  0.62   7.0400214  F6IDT JN33 37           0  0.31  2  1    0  0  20     3   157
260806 1948  -6  0.02   7.0400407  DK2DB JN48 37           0  0.47  1  1    0  0   0     1   558
260806 1948 -24  4.63   7.0400543  M9OHM IO82 23           0  0.19  1  1    0  1  36     1   810
260806 1948  -8 -0.23   7.0400858  EB1A IN53 27            0  0.37  1  1    0  0   9     1   472
260806 1948 -19 -0.23   7.0400929  G6CKK JO01 23           0  0.25  1  1    0  0  15     2   303
260806 1948 -20 -0.06   7.0401391  M0THH IO93 33          -1  0.32  1  1    0  0  11     1   409
260806 1948 -18 -0.02   7.0401530  <PA0MLC> JO31AW 27      0  0.39  1  1    0  0   3     1   450
260806 1948 -11 -0.19   7.0401743  G4HSB IO94 23           0  0.43  2  1    0  0  20     1   193
260806 1948  -5 -0.19   7.0401757  EA5UV IM99 23           0  0.34  1  1    0  0   5     1   519
260806 1948 -24 -0.96   7.0401821  F4HHR JN07 10           0  0.15  3  1    0  1  38     1   810
260806_195000     7.039 Tx WSPR     0  0.0 1444 EA6AJT JM19 30
260806 1952 -27 -0.02   7.0400031  DL0PBS JO33 23          0  0.23  1  1    0  0  22    81    87
260806 1952 -30 -0.02   7.0400209  F4BAD JN25 20          -1  0.16  1  1    0  1  36     1   810
260806 1952 -27 -0.23   7.0400400  IZ5MJO JN53 10          0  0.15  1  1    0  1  34     1   810
260806 1952 -15 -0.19   7.0400634  EB5RCA IM98 23          0  0.17  1  1    0  0  28    11    26
260806 1952 -14  5.02   7.0400639  I0LYO JN52 23           0  0.27  1  1    0  0  23    45    -7
260806 1952 -27 -0.06   7.0400707  DL6NL JO50 27           0  0.14  1  1    0  1  40     1   810
260806 1952 -10 -0.23   7.0400828  9A3ZI JN86  3           0  0.21  1  1    0  0  21    27    19
260806 1952 -15  0.41   7.0400881  YO6FNF KN25 20          0  0.15  2  1  -64  1  27     1   810
260806 1952 -23  0.11   7.0400949  DG1GHR JN48 37          0  0.25  2  1    0  1  33     1   810
260806 1952 -18  0.11   7.0400963  PD0R JO22 30            0  0.21  1  1    0  0  16     1   281
260806 1952 -20  0.28   7.0401203  DK7MI JN67 17           0  0.19  2  1    0  0  27    51     2
260806 1952 -19  0.07   7.0401222  ON4WS JO20 30           0  0.19  1  1    0  0  33   180   -88
260806 1952 -26  0.11   7.0401406  G3WPD IO91 27           0  0.17  1  1    0  1  45     1   810
260806 1952 -25  4.50   7.0401638  SQ9RHX JO81 23          0  0.16  1  1    0  1  38     1   810
260806 1952 -21 -0.23   7.0402030  HB9HJL JN47 23          0  0.30  1  1    0  0  16     2   309
260806_195400     7.039 Tx WSPR     0  0.0 1444 EA6AJT JM19 30
260806_195800     7.039 Tx WSPR     0  0.0 1444 EA6AJT JM19 30
260806 1956 -22 -0.02   7.0399998  PD3PAM JO32 30          0  0.32  1  1    0  0  11     1   436
260806 1956 -29 -0.10   7.0400061  M6GLD JO02 23           0  0.12  3  1   24  1  37     1   810
260806 1956 -12  0.07   7.0400204  G0KRB JO02 37           0  0.32  1  1    0  0   4     1   490
260806 1956  -7  0.02   7.0400405  DK2DB JN48 37           0  0.45  1  1    0  0   2     1   564
260806 1956 -22 -0.15   7.0400572  G6CKK JO01 23           0  0.13  1  1    0  0  31    18   -30
260806 1956 -19  0.15   7.0400594  G7SYO IO90 27           0  0.19  1  1    0  0  29    37   -38
260806 1956 -24  4.50   7.0400693  SQ9RHX JO81 23          0  0.12  3  1   24  1  37     1   810
260806 1956 -13  4.89   7.0400856  I0LYO JN52 23           0  0.35  1  1    0  0  12     1   343
260806 1956 -22 -0.15   7.0401257  OK1BF JO70 23           0  0.19  1  1    0  0  17     2   288
260806 1956  -5 -0.02   7.0401376  F6EGX JN35 37           0  0.42  1  1    0  0   2     1   557
260806 1956 -24 -0.19   7.0401520  GM8FXD IO77 30          0  0.21  1  1    0  0  25     1   144
260806 1956 -12 -0.19   7.0401760  EA1LC IN53 23           0  0.41  1  1    0  0   5     1   496
260806 1956  -4 -0.15   7.0401906  IU0JJD JN61 23          0  0.37  1  1    0  0   5     1   404
260806 1956  -4 -0.19   7.0401938  EA5UV IM99 23           0  0.36  1  1   32  1  25     1   810
260806 1956 -18 -0.02   7.0401986  IW1QLH JN43 17          2  0.20  2  1    0  1  41     1   810
260806 2000 -19 -1.00   7.0399989  F/PE0FKO 10             0  0.45  1  1    0  0   6     1   434
260806 2000 -30 -0.23   7.0400245  SA7CND JO76 20          0  0.13  1  1    0  1  35     1   810
260806 2000 -27  0.02   7.0400590  EA6LA JM19 23           0  0.10  3  1    0  1  39     1   810
260806 2000 -26 -0.02   7.0400707  DL6NL JO50 27           0  0.18  3  2   -8  1  43     1   810
260806 2000  -6 -0.23   7.0400854  EB1A IN53 27            0  0.41  1  1    0  0   3     1   514
260806 2000 -11 -0.02   7.0401010  SM7XGC JO65 10         -1  0.27  1  1    0  0  23     1   146
260806 2000 -25  0.24   7.0401126  PD1RE JO22 23           0  0.19  1  1    0  0  26   167   -65
260806 2000 -11  5.53   7.0401227  I0LYO JN52 23           0  0.41  1  1    0  0  13     1   325
260806 2000 -25 -0.02   7.0401324  CT1BAT IN50  0          0  0.25  1  1    0  0  24     2   114
260806 2000 -22  4.63   7.0401469  M9OHM IO82 23           0  0.13  1  1    0  1  29     1   810
260806 2000  -1 -0.02   7.0401590  EA6LA JM19 23           0  0.45  1  1    0  0   1     1   600
260806 2000 -15 -0.15   7.0401767  OE7XZB JN57 23          0  0.37  1  1    0  0   6     1   484
260806 2000 -25 -0.91   7.0401819  F4HHR JN07 10           0  0.16  2  1    0  1  44     1   810
260806_200200     7.039 Tx WSPR     0  0.0 1444 EA6AJT JM19 30
260806 2004 -24 -0.06   7.0400031  DL0PBS JO33 23          0  0.28  1  1    0  0  30     3    46
260806 2004 -17 -0.10   7.0400355  G6CKK JO01  7           0  0.17  2  1  -16  1  37     1   810
260806 2004  -5  5.44   7.0400386  I0LYO JN52 23           0  0.52  1  1    0  0   8     1   348
260806 2004 -14  5.27   7.0400750  IK5CHL JN53 30          0  0.37  1  1    0  0   9     1   444
260806 2004  -5  0.28   7.0400842  9A3ZI JN86  3           1  0.19  1  1    0  1  29     1   810
260806 2004 -13  0.07   7.0400877  EA4TK IN80 23           0  0.15  3  2   48  1  40     1   810
260806 2004 -18 -0.15   7.0400906  DK3TG JN58 23           0  0.23  3  1    0  1  37     1   810
260806 2004 -18  0.02   7.0400960  PD0R JO22 30            0  0.36  1  1    0  0  11     1   362
260806 2004 -23  4.80   7.0401068  M9OHM IO82 23           0  0.17  1  1    0  1  29     1   810
260806 2004 -19  0.28   7.0401140  DK7MI JN67 17           0  0.16  1  1    0  0  22     2    76
260806 2004 -19 -0.02   7.0401172  DL3YAV JO42 30          0  0.23  1  1    0  0  36    53  -119
260806 2004 -21  4.50   7.0401374  SQ9RHX JO81 23          0  0.19  1  1    0  0  30    48   -36
260806 2004 -21 -0.19   7.0401428  <G7KIA> IO93ET 23       0  0.29  1  1    0  0  10     1   378
260806 2004  -5 -0.19   7.0401663  EA5UV IM99 23           0  0.60  1  1    0  0   0     1   594
260806 2004 -25 -0.15   7.0401763  G0HYT IO91 23           0  0.15  1  1    0  1  36     1   810
260806_200800     7.039 Tx WSPR     0  0.0 1444 EA6AJT JM19 30
260806 2006 -22 -1.00   7.0399991  F/PE0FKO 10             0  0.38  1  1    0  0  11     1   412
260806 2006 -21  0.11   7.0400276  G7SYO IO90 27           0  0.30  1  1    0  0   8     2   404
260806 2006 -14  0.02   7.0400637  G8ORM IO93 33           0  0.34  1  1    0  0   5     1   398
260806 2006  -2  5.31   7.0400778  I0LYO JN52 23           0  0.50  1  1    0  0  11     1   436
260806 2006  -4 -0.19   7.0400856  EB1A IN53 27            0  0.40  1  1    0  0   6     1   418
260806 2006 -10 -0.19   7.0401007  EA5RKP IM99 23          0  0.50  1  1    0  0   2     1   524
260806 2006 -11 -0.19   7.0401098  G4HSB IO94 23           0  0.38  1  1    0  0   6     1   460
260806 2006 -25 -0.15   7.0401321  CS5WB IM68 23           0  0.13  2  1    8  1  41     1   810
260806 2006  -7 -0.15   7.0401535  IU0JJD JN61 23          0  0.42  1  1    0  0   9     1   495
260806 2006 -14 -0.19   7.0401608  G3JKF JO00 33           0  0.38  1  1    0  0   8     1   393
260806_201200     7.039 Tx WSPR     0  0.0 1444 EA6AJT JM19 30
260806 2010 -19 -0.10   7.0399999  PD3PAM JO32 30          0  0.35  1  1    0  0  29    46    96
260806 2010 -18 -0.15   7.0400029  <IK5ZAI> JN53FU 23      0  0.35  1  1    0  0  28   472   -76
260806 2010  -5 -0.91   7.0400211  GX2PLX JO02 43          0  0.48  1  1    0  0   0     1   623
260806 2010  -5  0.02   7.0400404  DK2DB JN48 37           0  0.49  1  1    0  0   2     1   599
260806 2010 -27 -0.06   7.0400592  EA6LA JM19 23           1  0.22  1  1    0  0  25    16   -11
260806 2010 -12  4.93   7.0400737  I0LYO JN52 23           0  0.38  1  1    0  0  14     1   271
260806 2010  -9  0.02   7.0400843  9A3ZI JN86  3           1  0.26  1  1    0  0  16     1   359
260806 2010 -26  0.02   7.0401014  M0XMP JO02 23           0  0.20  1  1    0  0  26     5    71
260806 2010 -21 -0.70   7.0401388  G4VNM IO90 23           0  0.15  1  1    8  1  39     1   810
260806 2010  -6 -0.10   7.0401505  HB9AK JN36 23           0  0.46  1  1    0  0  21     6   107
260806 2010 -13 -0.19   7.0401506  EA5RKP IM99 23          0  0.24  2  1    0  0  24   101   -34
260806 2010  -1 -0.06   7.0401592  EA6LA JM19 23           0  0.57  1  1    0  0   1     1   621
260806 2010 -21  0.32   7.0401693  DL6OBU JO43 23          0  0.22  1  1    0  0  12     1   381
260806 2010 -23  4.38   7.0401949  SQ9RHX JO81 23          1  0.19  1  1    0  0  30     4   -26
260806 2014 -17 -0.19   7.0400012  <OK1BF> JO70UB 23       0  0.27  2  1  -56  0  22   450  -157
260806 2014 -27  0.88   7.0400091  G7UJY IO93 23           0  0.14  2  1    0  1  33     1   810
260806 2014 -23  4.50   7.0400167  SQ9RHX JO81 23          0  0.17  1  1    0  0  30   222   -10
260806 2014  -7 -0.27   7.0400517  EA5RKP IM99 23          0  0.62  1  1    0  0   0     1   580
260806 2014 -12  4.85   7.0400688  I0LYO JN52 23           0  0.46  1  1    0  0   7     1   401
260806 2014 -18 -0.02   7.0401004  DK9ES JO31 23           0  0.35  1  1    0  0  11     1   378
260806 2014 -24 -0.27   7.0401090  PA2PGU JO32 23          0  0.25  1  1    0  0  26     3    76
260806 2014 -22  0.19   7.0401180  EI7II IO51 23           0  0.29  1  1    0  0   6     1   367
260806 2014 -23  4.46   7.0401439  M9OHM IO82 23           0  0.19  1  1    0  0  26     8    35
260806 2014 -16  0.02   7.0401523  PA0MLC JO31 27          0  0.37  1  1    0  0   8     1   401
260806_201600     7.039 Tx WSPR     0  0.0 1444 EA6AJT JM19 30
260806 2018   4 -0.19   7.0399943  <IU0JJD> JN61TP 23      0  0.22  1  1  -40  0  32   492  -142
260806 2018  -9  0.96   7.0400160  G4GCI IO90 37           0  0.26  1  1    0  0  20     1   189
260806 2018 -14  5.74   7.0400218  I0LYO JN52 23           0  0.24  1  1    0  0  28    46     5
260806 2018 -14 -0.15   7.0400399  OE7XZB JN57 23          0  0.15  2  1    0  1  35     1   810
260806 2018  -4 -0.02   7.0400403  DK2DB JN48 37           0  0.47  1  1    0  0   5     1   480
260806 2018 -22 -0.19   7.0400611  <HB9AR> JN36BE 23       0  0.23  1  1    0  0  26     4   108
260806 2018  -8 -0.23   7.0400856  EB1A IN53 27            0  0.26  1  1    0  0  23    44   -36
260806 2018  -9  0.71   7.0400873  PA2W JO22 37            0  0.19  1  1    0  0  17     8   280
260806 2018  -5  0.62   7.0400942  F6IDT JN33 37           0  0.60  1  1    0  0   1     1   540
260806 2018 -20  0.02   7.0401058  DG1GHR JN48 37          0  0.28  1  1    0  0  17     8   282
260806 2018 -15 -0.23   7.0401226  EA5RKP IM99 23          0  0.36  1  1    0  0  10     1   399
260806 2018 -22  4.59   7.0401250  SQ9RHX JO81 23          0  0.14  2  1    0  1  41     1   810
260806 2018 -25  0.02   7.0401405  G3WPD IO91 27           0  0.24  1  1    0  1  27     1   810
260806 2018 -25  0.02   7.0401500  G4GVZ IO81 37           0  0.27  1  1    0  0  14     3   325
260806 2018 -31 -1.00   7.0401819  F4HHR JN07 10           0  0.12  3  1    0  1  39     1   810
260806 2020 -13  0.11   7.0400207  G0KRB JO02 37           0  0.38  1  1    0  0   6     1   478
260806 2020 -22 -0.19   7.0400399  G6CKK JO01 23           0  0.25  1  1    0  0  14     1   338
260806 2020 -24  4.42   7.0400482  SQ9RHX JO81 23          0  0.22  1  1    0  0  29   431    16
260806 2020 -32 -0.06   7.0400591  EA6LA JM19 23           0  0.18  2  1  -16  1  42     1   810
260806 2020 -25 -0.06   7.0400714  DL6NL JO50 27           0  0.13  1  1    0  1  36     1   810
260806 2020 -14  5.36   7.0400955  IK5CHL JN53 30          0  0.21  1  1    0  0  11     1   321
260806 2020  -9 -0.06   7.0401011  SM7XGC JO65 10          0  0.17  1  1    0  0  10     1   364
260806 2020  -3 -0.27   7.0401065  EA5UV IM99 23           0  0.57  1  1    0  0   4     1   502
260806 2020 -19  0.02   7.0401175  DL3YAV JO42 30          0  0.21  1  1    0  0  17     2   240
260806 2020 -17  4.63   7.0401229  I0LYO JN52 23           0  0.28  1  1    0  0  20     1   279
260806 2020 -21 -0.32   7.0401304  PA2PGU JO32 23          0  0.13  1  1    0  0  18     2   203
260806 2020  -4 -0.02   7.0401378  F6EGX JN35 37           0  0.49  1  1    0  0   1     1   587
260806 2020 -18 -0.06   7.0401391  M0THH IO93 33           0  0.27  3  4   -8  1  37     1   810
260806 2020  -4 -0.02   7.0401592  EA6LA JM19 23           0  0.60  1  1    0  0   0     1   628
260806 2020 -13 -0.19   7.0401763  EA1LC IN53 23           0  0.52  1  1    0  0   3     1   525
260806 2020 -26  0.11   7.0401847  PD1RE JO22 23           0  0.18  1  1    0  1  35     1   810
260806 2020 -32 -0.27   7.0402065  EA5UV IM99 23           0  0.14  3  2    0  1  43     1   810
260806_202400     7.039 Tx WSPR     0  0.0 1444 EA6AJT JM19 30
260806 2022 -23 -0.32   7.0400271  G7KIA IO93 23           0  0.23  1  1    0  1  34     1   810
260806 2022 -29  0.96   7.0400465  G7UJY IO93 23           0  0.17  1  1    8  1  37     1   810
260806 2022 -21  0.07   7.0400607  PD0PF JO22 23           0  0.30  1  1    0  0  21     1   280
260806 2022 -18 -0.27   7.0400733  HB9HJL JN47 23          0  0.30  1  1    0  0  21     1   239
260806 2022  -7  0.66   7.0400851  9A3ZI JN86  3           0  0.34  1  1    0  0  16     1   248
260806 2022 -17 -0.27   7.0401012  EA5RKP IM99 23          0  0.33  1  1    0  0  11     1   399
260806 2022 -20  0.11   7.0401225  ON4WS JO20 30           0  0.32  2  1    0  0  15     1   357
260806 2022 -12 -0.10   7.0401267  DL1FX JN49 23           0  0.47  1  1    0  0   4     1   540
260806 2022 -22  4.50   7.0401621  SQ9RHX JO81 23          0  0.16  2  1    0  1  43     1   810
260806 2022 -14  4.55   7.0401660  I0LYO JN52 23           0  0.22  1  1    0  0  20     1   180
260806 2022 -14 -0.10   7.0401705  F4BAD JN25 20          -2  0.40  1  1    0  0   7     1   504
260806 2022 -12 -0.23   7.0401766  <EA1LC> IN53SI 23       0  0.50  1  1    0  0   4     1   539
260806 2022 -23  4.55   7.0401884  M9OHM IO82 23           0  0.22  1  1    0  1  33     1   810
260806 2022 -29  0.11   7.0401993  SK7BQ JO76 23           1  0.17  1  1    0  1  40     1   810
